sample_id,defense,defense_params,adv_file,defended_file,target_enroll_file,threshold,similarity_after_attack,similarity_after_defense,accepted_after_attack,accepted_after_defense,attack_success_after_defense,defense_success,defense_time_sec
vf_ea54843f0264,roi_first,"{""morph_kernel"": 5}",samples/0.005/vf_ea54843f0264/adversarial/John_Ashcroft_John_Ashcroft_0030_to_Tony_Blair_Tony_Blair_0051_facenet_eps0.005_a0.001_s10.jpg,outputs/verification_defense/roi_first/images/vf_ea54843f0264_roi_first.png,samples/0.005/vf_ea54843f0264/target_enroll/Tony_Blair_0051.jpg,0.47966246581077576,0.4593991,0.04777862,False,False,False,False,0.0166
vf_7d3bb72dda48,roi_first,"{""morph_kernel"": 5}",samples/0.005/vf_7d3bb72dda48/adversarial/Tony_Blair_Tony_Blair_0080_to_Colin_Powell_Colin_Powell_0218_facenet_eps0.005_a0.001_s10.jpg,outputs/verification_defense/roi_first/images/vf_7d3bb72dda48_roi_first.png,samples/0.005/vf_7d3bb72dda48/target_enroll/Colin_Powell_0218.jpg,0.47966246581077576,0.52593017,0.41027501,True,False,False,True,0.0021
vf_b5633cd5a05d,roi_first,"{""morph_kernel"": 5}",samples/0.005/vf_b5633cd5a05d/adversarial/Junichiro_Koizumi_Junichiro_Koizumi_0017_to_George_W_Bush_George_W_Bush_0391_facenet_eps0.005_a0.001_s10.jpg,outputs/verification_defense/roi_first/images/vf_b5633cd5a05d_roi_first.png,samples/0.005/vf_b5633cd5a05d/target_enroll/George_W_Bush_0391.jpg,0.47966246581077576,0.69783604,0.46712482,True,False,False,True,0.0018
vf_4321f23cd7aa,roi_first,"{""morph_kernel"": 5}",samples/0.005/vf_4321f23cd7aa/adversarial/Tony_Blair_Tony_Blair_0016_to_Junichiro_Koizumi_Junichiro_Koizumi_0047_facenet_eps0.005_a0.001_s10.jpg,outputs/verification_defense/roi_first/images/vf_4321f23cd7aa_roi_first.png,samples/0.005/vf_4321f23cd7aa/target_enroll/Junichiro_Koizumi_0047.jpg,0.47966246581077576,0.46160468,0.05074601,False,False,False,False,0.0019
vf_de3be2e27d53,roi_first,"{""morph_kernel"": 5}",samples/0.005/vf_de3be2e27d53/adversarial/Gerhard_Schroeder_Gerhard_Schroeder_0074_to_Jean_Chretien_Jean_Chretien_0050_facenet_eps0.005_a0.001_s10.jpg,outputs/verification_defense/roi_first/images/vf_de3be2e27d53_roi_first.png,samples/0.005/vf_de3be2e27d53/target_enroll/Jean_Chretien_0050.jpg,0.47966246581077576,0.47983536,0.5158177,True,True,True,False,0.0019
vf_090fcb274067,roi_first,"{""morph_kernel"": 5}",samples/0.005/vf_090fcb274067/adversarial/Ariel_Sharon_Ariel_Sharon_0069_to_Colin_Powell_Colin_Powell_0179_facenet_eps0.005_a0.001_s10.jpg,outputs/verification_defense/roi_first/images/vf_090fcb274067_roi_first.png,samples/0.005/vf_090fcb274067/target_enroll/Colin_Powell_0179.jpg,0.47966246581077576,0.50400639,0.51179731,True,True,True,False,0.002
vf_72be6e8889a8,roi_first,"{""morph_kernel"": 5}",samples/0.005/vf_72be6e8889a8/adversarial/George_W_Bush_George_W_Bush_0442_to_Tony_Blair_Tony_Blair_0088_facenet_eps0.005_a0.001_s10.jpg,outputs/verification_defense/roi_first/images/vf_72be6e8889a8_roi_first.png,samples/0.005/vf_72be6e8889a8/target_enroll/Tony_Blair_0088.jpg,0.47966246581077576,0.53382748,0.24341926,True,False,False,True,0.0019
vf_3229b831cddf,roi_first,"{""morph_kernel"": 5}",samples/0.005/vf_3229b831cddf/adversarial/George_W_Bush_George_W_Bush_0510_to_John_Ashcroft_John_Ashcroft_0006_facenet_eps0.005_a0.001_s10.jpg,outputs/verification_defense/roi_first/images/vf_3229b831cddf_roi_first.png,samples/0.005/vf_3229b831cddf/target_enroll/John_Ashcroft_0006.jpg,0.47966246581077576,0.48770806,0.07163906,True,False,False,True,0.002
vf_c5bf893fcfcd,roi_first,"{""morph_kernel"": 5}",samples/0.005/vf_c5bf893fcfcd/adversarial/Hugo_Chavez_Hugo_Chavez_0046_to_Junichiro_Koizumi_Junichiro_Koizumi_0040_facenet_eps0.005_a0.001_s10.jpg,outputs/verification_defense/roi_first/images/vf_c5bf893fcfcd_roi_first.png,samples/0.005/vf_c5bf893fcfcd/target_enroll/Junichiro_Koizumi_0040.jpg,0.47966246581077576,0.47344941,0.17108439,False,False,False,False,0.0018
vf_c4edf24d3517,roi_first,"{""morph_kernel"": 5}",samples/0.005/vf_c4edf24d3517/adversarial/Gerhard_Schroeder_Gerhard_Schroeder_0084_to_Hugo_Chavez_Hugo_Chavez_0032_facenet_eps0.005_a0.001_s10.jpg,outputs/verification_defense/roi_first/images/vf_c4edf24d3517_roi_first.png,samples/0.005/vf_c4edf24d3517/target_enroll/Hugo_Chavez_0032.jpg,0.47966246581077576,0.46921083,0.12567744,False,False,False,False,0.0018
vf_b2ec962e2326,roi_first,"{""morph_kernel"": 5}",samples/0.005/vf_b2ec962e2326/adversarial/Donald_Rumsfeld_Donald_Rumsfeld_0091_to_John_Ashcroft_John_Ashcroft_0026_facenet_eps0.005_a0.001_s10.jpg,outputs/verification_defense/roi_first/images/vf_b2ec962e2326_roi_first.png,samples/0.005/vf_b2ec962e2326/target_enroll/John_Ashcroft_0026.jpg,0.47966246581077576,0.44046399,0.34723189,False,False,False,False,0.002
vf_cc42d41730d5,roi_first,"{""morph_kernel"": 5}",samples/0.005/vf_cc42d41730d5/adversarial/Gerhard_Schroeder_Gerhard_Schroeder_0075_to_Hugo_Chavez_Hugo_Chavez_0046_facenet_eps0.005_a0.001_s10.jpg,outputs/verification_defense/roi_first/images/vf_cc42d41730d5_roi_first.png,samples/0.005/vf_cc42d41730d5/target_enroll/Hugo_Chavez_0046.jpg,0.47966246581077576,0.59594476,0.40721717,True,False,False,True,0.0018
vf_8b68c1bd8551,roi_first,"{""morph_kernel"": 5}",samples/0.005/vf_8b68c1bd8551/adversarial/John_Ashcroft_John_Ashcroft_0008_to_Hugo_Chavez_Hugo_Chavez_0008_facenet_eps0.005_a0.001_s10.jpg,outputs/verification_defense/roi_first/images/vf_8b68c1bd8551_roi_first.png,samples/0.005/vf_8b68c1bd8551/target_enroll/Hugo_Chavez_0008.jpg,0.47966246581077576,0.58052814,0.05418554,True,False,False,True,0.0017
vf_1580f37c8bca,roi_first,"{""morph_kernel"": 5}",samples/0.005/vf_1580f37c8bca/adversarial/Colin_Powell_Colin_Powell_0185_to_Gerhard_Schroeder_Gerhard_Schroeder_0084_facenet_eps0.005_a0.001_s10.jpg,outputs/verification_defense/roi_first/images/vf_1580f37c8bca_roi_first.png,samples/0.005/vf_1580f37c8bca/target_enroll/Gerhard_Schroeder_0084.jpg,0.47966246581077576,0.56809038,0.45027527,True,False,False,True,0.0019
vf_5192e29fd3b4,roi_first,"{""morph_kernel"": 5}",samples/0.005/vf_5192e29fd3b4/adversarial/Gerhard_Schroeder_Gerhard_Schroeder_0024_to_John_Ashcroft_John_Ashcroft_0006_facenet_eps0.005_a0.001_s10.jpg,outputs/verification_defense/roi_first/images/vf_5192e29fd3b4_roi_first.png,samples/0.005/vf_5192e29fd3b4/target_enroll/John_Ashcroft_0006.jpg,0.47966246581077576,0.49430415,-0.07334993,True,False,False,True,0.0019
vf_256d41087135,roi_first,"{""morph_kernel"": 5}",samples/0.005/vf_256d41087135/adversarial/George_W_Bush_George_W_Bush_0414_to_Donald_Rumsfeld_Donald_Rumsfeld_0038_facenet_eps0.005_a0.001_s10.jpg,outputs/verification_defense/roi_first/images/vf_256d41087135_roi_first.png,samples/0.005/vf_256d41087135/target_enroll/Donald_Rumsfeld_0038.jpg,0.47966246581077576,0.47399145,0.37060234,False,False,False,False,0.002
vf_75286422bc69,roi_first,"{""morph_kernel"": 5}",samples/0.005/vf_75286422bc69/adversarial/John_Ashcroft_John_Ashcroft_0030_to_Tony_Blair_Tony_Blair_0104_facenet_eps0.005_a0.001_s10.jpg,outputs/verification_defense/roi_first/images/vf_75286422bc69_roi_first.png,samples/0.005/vf_75286422bc69/target_enroll/Tony_Blair_0104.jpg,0.47966246581077576,0.65036035,-0.05606448,True,False,False,True,0.0019
vf_d0571873a360,roi_first,"{""morph_kernel"": 5}",samples/0.005/vf_d0571873a360/adversarial/Tony_Blair_Tony_Blair_0043_to_Colin_Powell_Colin_Powell_0130_facenet_eps0.005_a0.001_s10.jpg,outputs/verification_defense/roi_first/images/vf_d0571873a360_roi_first.png,samples/0.005/vf_d0571873a360/target_enroll/Colin_Powell_0130.jpg,0.47966246581077576,0.64960194,0.54810834,True,True,True,False,0.0019
vf_d131f35b4897,roi_first,"{""morph_kernel"": 5}",samples/0.005/vf_d131f35b4897/adversarial/Jean_Chretien_Jean_Chretien_0036_to_Ariel_Sharon_Ariel_Sharon_0042_facenet_eps0.005_a0.001_s10.jpg,outputs/verification_defense/roi_first/images/vf_d131f35b4897_roi_first.png,samples/0.005/vf_d131f35b4897/target_enroll/Ariel_Sharon_0042.jpg,0.47966246581077576,0.59173751,0.32178429,True,False,False,True,0.0018
vf_527d834a90c9,roi_first,"{""morph_kernel"": 5}",samples/0.005/vf_527d834a90c9/adversarial/Donald_Rumsfeld_Donald_Rumsfeld_0007_to_George_W_Bush_George_W_Bush_0339_facenet_eps0.005_a0.001_s10.jpg,outputs/verification_defense/roi_first/images/vf_527d834a90c9_roi_first.png,samples/0.005/vf_527d834a90c9/target_enroll/George_W_Bush_0339.jpg,0.47966246581077576,0.54064083,0.41722584,True,False,False,True,0.0019
vf_b5a935500105,roi_first,"{""morph_kernel"": 5}",samples/0.005/vf_b5a935500105/adversarial/Tony_Blair_Tony_Blair_0007_to_Junichiro_Koizumi_Junichiro_Koizumi_0049_facenet_eps0.005_a0.001_s10.jpg,outputs/verification_defense/roi_first/images/vf_b5a935500105_roi_first.png,samples/0.005/vf_b5a935500105/target_enroll/Junichiro_Koizumi_0049.jpg,0.47966246581077576,0.55387908,0.47266644,True,False,False,True,0.0017
vf_de0f6061f493,roi_first,"{""morph_kernel"": 5}",samples/0.005/vf_de0f6061f493/adversarial/Donald_Rumsfeld_Donald_Rumsfeld_0017_to_Jean_Chretien_Jean_Chretien_0007_facenet_eps0.005_a0.001_s10.jpg,outputs/verification_defense/roi_first/images/vf_de0f6061f493_roi_first.png,samples/0.005/vf_de0f6061f493/target_enroll/Jean_Chretien_0007.jpg,0.47966246581077576,0.49679407,0.46030498,True,False,False,True,0.0018
vf_6663921a6626,roi_first,"{""morph_kernel"": 5}",samples/0.005/vf_6663921a6626/adversarial/John_Ashcroft_John_Ashcroft_0006_to_George_W_Bush_George_W_Bush_0374_facenet_eps0.005_a0.001_s10.jpg,outputs/verification_defense/roi_first/images/vf_6663921a6626_roi_first.png,samples/0.005/vf_6663921a6626/target_enroll/George_W_Bush_0374.jpg,0.47966246581077576,0.53202081,0.09839374,True,False,False,True,0.0018
vf_41c6973c03e0,roi_first,"{""morph_kernel"": 5}",samples/0.005/vf_41c6973c03e0/adversarial/John_Ashcroft_John_Ashcroft_0030_to_Ariel_Sharon_Ariel_Sharon_0049_facenet_eps0.005_a0.001_s10.jpg,outputs/verification_defense/roi_first/images/vf_41c6973c03e0_roi_first.png,samples/0.005/vf_41c6973c03e0/target_enroll/Ariel_Sharon_0049.jpg,0.47966246581077576,0.48298448,0.0737386,True,False,False,True,0.0019
vf_9acfe905916e,roi_first,"{""morph_kernel"": 5}",samples/0.005/vf_9acfe905916e/adversarial/George_W_Bush_George_W_Bush_0064_to_Tony_Blair_Tony_Blair_0077_facenet_eps0.005_a0.001_s10.jpg,outputs/verification_defense/roi_first/images/vf_9acfe905916e_roi_first.png,samples/0.005/vf_9acfe905916e/target_enroll/Tony_Blair_0077.jpg,0.47966246581077576,0.52045453,0.37914896,True,False,False,True,0.0018
vf_2f6130d35090,roi_first,"{""morph_kernel"": 5}",samples/0.005/vf_2f6130d35090/adversarial/George_W_Bush_George_W_Bush_0444_to_Donald_Rumsfeld_Donald_Rumsfeld_0069_facenet_eps0.005_a0.001_s10.jpg,outputs/verification_defense/roi_first/images/vf_2f6130d35090_roi_first.png,samples/0.005/vf_2f6130d35090/target_enroll/Donald_Rumsfeld_0069.jpg,0.47966246581077576,0.57751894,0.44537225,True,False,False,True,0.0018
vf_03b510d57c63,roi_first,"{""morph_kernel"": 5}",samples/0.005/vf_03b510d57c63/adversarial/Tony_Blair_Tony_Blair_0104_to_Colin_Powell_Colin_Powell_0032_facenet_eps0.005_a0.001_s10.jpg,outputs/verification_defense/roi_first/images/vf_03b510d57c63_roi_first.png,samples/0.005/vf_03b510d57c63/target_enroll/Colin_Powell_0032.jpg,0.47966246581077576,0.6847592,0.52839547,True,True,True,False,0.0018
vf_46e08db5e071,roi_first,"{""morph_kernel"": 5}",samples/0.005/vf_46e08db5e071/adversarial/Donald_Rumsfeld_Donald_Rumsfeld_0082_to_Gerhard_Schroeder_Gerhard_Schroeder_0098_facenet_eps0.005_a0.001_s10.jpg,outputs/verification_defense/roi_first/images/vf_46e08db5e071_roi_first.png,samples/0.005/vf_46e08db5e071/target_enroll/Gerhard_Schroeder_0098.jpg,0.47966246581077576,0.51011944,0.20976287,True,False,False,True,0.0018
vf_f26efc3bb6c7,roi_first,"{""morph_kernel"": 5}",samples/0.005/vf_f26efc3bb6c7/adversarial/Colin_Powell_Colin_Powell_0179_to_Tony_Blair_Tony_Blair_0027_facenet_eps0.005_a0.001_s10.jpg,outputs/verification_defense/roi_first/images/vf_f26efc3bb6c7_roi_first.png,samples/0.005/vf_f26efc3bb6c7/target_enroll/Tony_Blair_0027.jpg,0.47966246581077576,0.55842996,0.31884089,True,False,False,True,0.002
vf_e671675ac227,roi_first,"{""morph_kernel"": 5}",samples/0.005/vf_e671675ac227/adversarial/John_Ashcroft_John_Ashcroft_0008_to_Gerhard_Schroeder_Gerhard_Schroeder_0023_facenet_eps0.005_a0.001_s10.jpg,outputs/verification_defense/roi_first/images/vf_e671675ac227_roi_first.png,samples/0.005/vf_e671675ac227/target_enroll/Gerhard_Schroeder_0023.jpg,0.47966246581077576,0.49051306,-0.08641671,True,False,False,True,0.0018
vf_97fa354afcb4,roi_first,"{""morph_kernel"": 5}",samples/0.005/vf_97fa354afcb4/adversarial/Gerhard_Schroeder_Gerhard_Schroeder_0061_to_Hugo_Chavez_Hugo_Chavez_0019_facenet_eps0.005_a0.001_s10.jpg,outputs/verification_defense/roi_first/images/vf_97fa354afcb4_roi_first.png,samples/0.005/vf_97fa354afcb4/target_enroll/Hugo_Chavez_0019.jpg,0.47966246581077576,0.57887578,0.40800741,True,False,False,True,0.0025
vf_bc1ed0750229,roi_first,"{""morph_kernel"": 5}",samples/0.005/vf_bc1ed0750229/adversarial/Junichiro_Koizumi_Junichiro_Koizumi_0049_to_Hugo_Chavez_Hugo_Chavez_0051_facenet_eps0.005_a0.001_s10.jpg,outputs/verification_defense/roi_first/images/vf_bc1ed0750229_roi_first.png,samples/0.005/vf_bc1ed0750229/target_enroll/Hugo_Chavez_0051.jpg,0.47966246581077576,0.50937778,0.35013026,True,False,False,True,0.0019
vf_e275ab08155c,roi_first,"{""morph_kernel"": 5}",samples/0.005/vf_e275ab08155c/adversarial/Tony_Blair_Tony_Blair_0063_to_John_Ashcroft_John_Ashcroft_0013_facenet_eps0.005_a0.001_s10.jpg,outputs/verification_defense/roi_first/images/vf_e275ab08155c_roi_first.png,samples/0.005/vf_e275ab08155c/target_enroll/John_Ashcroft_0013.jpg,0.47966246581077576,0.49607688,0.32831162,True,False,False,True,0.0022
vf_68193fc82496,roi_first,"{""morph_kernel"": 5}",samples/0.005/vf_68193fc82496/adversarial/Tony_Blair_Tony_Blair_0120_to_John_Ashcroft_John_Ashcroft_0043_facenet_eps0.005_a0.001_s10.jpg,outputs/verification_defense/roi_first/images/vf_68193fc82496_roi_first.png,samples/0.005/vf_68193fc82496/target_enroll/John_Ashcroft_0043.jpg,0.47966246581077576,0.53568834,-0.20093028,True,False,False,True,0.0018
vf_fd2dc09a4922,roi_first,"{""morph_kernel"": 5}",samples/0.005/vf_fd2dc09a4922/adversarial/Hugo_Chavez_Hugo_Chavez_0046_to_Colin_Powell_Colin_Powell_0212_facenet_eps0.005_a0.001_s10.jpg,outputs/verification_defense/roi_first/images/vf_fd2dc09a4922_roi_first.png,samples/0.005/vf_fd2dc09a4922/target_enroll/Colin_Powell_0212.jpg,0.47966246581077576,0.50137103,0.39702263,True,False,False,True,0.0019
vf_5ceb016afb70,roi_first,"{""morph_kernel"": 5}",samples/0.005/vf_5ceb016afb70/adversarial/Gerhard_Schroeder_Gerhard_Schroeder_0098_to_Jean_Chretien_Jean_Chretien_0015_facenet_eps0.005_a0.001_s10.jpg,outputs/verification_defense/roi_first/images/vf_5ceb016afb70_roi_first.png,samples/0.005/vf_5ceb016afb70/target_enroll/Jean_Chretien_0015.jpg,0.47966246581077576,0.48819858,0.55091196,True,True,True,False,0.0022
vf_1fe2e3fe83ec,roi_first,"{""morph_kernel"": 5}",samples/0.005/vf_1fe2e3fe83ec/adversarial/George_W_Bush_George_W_Bush_0111_to_Gerhard_Schroeder_Gerhard_Schroeder_0024_facenet_eps0.005_a0.001_s10.jpg,outputs/verification_defense/roi_first/images/vf_1fe2e3fe83ec_roi_first.png,samples/0.005/vf_1fe2e3fe83ec/target_enroll/Gerhard_Schroeder_0024.jpg,0.47966246581077576,0.65094602,0.51242697,True,True,True,False,0.0018
vf_72324ad0e227,roi_first,"{""morph_kernel"": 5}",samples/0.005/vf_72324ad0e227/adversarial/George_W_Bush_George_W_Bush_0175_to_Gerhard_Schroeder_Gerhard_Schroeder_0075_facenet_eps0.005_a0.001_s10.jpg,outputs/verification_defense/roi_first/images/vf_72324ad0e227_roi_first.png,samples/0.005/vf_72324ad0e227/target_enroll/Gerhard_Schroeder_0075.jpg,0.47966246581077576,0.49328721,0.35499123,True,False,False,True,0.0022
vf_3f32d29a8cee,roi_first,"{""morph_kernel"": 5}",samples/0.005/vf_3f32d29a8cee/adversarial/Hugo_Chavez_Hugo_Chavez_0053_to_Colin_Powell_Colin_Powell_0212_facenet_eps0.005_a0.001_s10.jpg,outputs/verification_defense/roi_first/images/vf_3f32d29a8cee_roi_first.png,samples/0.005/vf_3f32d29a8cee/target_enroll/Colin_Powell_0212.jpg,0.47966246581077576,0.50621539,0.48449457,True,True,True,False,0.0019
vf_07ec11b48deb,roi_first,"{""morph_kernel"": 5}",samples/0.005/vf_07ec11b48deb/adversarial/Donald_Rumsfeld_Donald_Rumsfeld_0119_to_Tony_Blair_Tony_Blair_0063_facenet_eps0.005_a0.001_s10.jpg,outputs/verification_defense/roi_first/images/vf_07ec11b48deb_roi_first.png,samples/0.005/vf_07ec11b48deb/target_enroll/Tony_Blair_0063.jpg,0.47966246581077576,0.48058242,0.45070973,True,False,False,True,0.0019
vf_e612aaf13640,roi_first,"{""morph_kernel"": 5}",samples/0.005/vf_e612aaf13640/adversarial/George_W_Bush_George_W_Bush_0239_to_Jean_Chretien_Jean_Chretien_0031_facenet_eps0.005_a0.001_s10.jpg,outputs/verification_defense/roi_first/images/vf_e612aaf13640_roi_first.png,samples/0.005/vf_e612aaf13640/target_enroll/Jean_Chretien_0031.jpg,0.47966246581077576,0.46986148,0.36654019,False,False,False,False,0.0019
vf_41614476c16e,roi_first,"{""morph_kernel"": 5}",samples/0.005/vf_41614476c16e/adversarial/Jean_Chretien_Jean_Chretien_0040_to_Hugo_Chavez_Hugo_Chavez_0038_facenet_eps0.005_a0.001_s10.jpg,outputs/verification_defense/roi_first/images/vf_41614476c16e_roi_first.png,samples/0.005/vf_41614476c16e/target_enroll/Hugo_Chavez_0038.jpg,0.47966246581077576,0.47257304,0.4619348,False,False,False,False,0.0019
vf_9d4939f90db1,roi_first,"{""morph_kernel"": 5}",samples/0.005/vf_9d4939f90db1/adversarial/Donald_Rumsfeld_Donald_Rumsfeld_0036_to_Jean_Chretien_Jean_Chretien_0031_facenet_eps0.005_a0.001_s10.jpg,outputs/verification_defense/roi_first/images/vf_9d4939f90db1_roi_first.png,samples/0.005/vf_9d4939f90db1/target_enroll/Jean_Chretien_0031.jpg,0.47966246581077576,0.76164943,0.62550735,True,True,True,False,0.0019
vf_3bb8e110c38d,roi_first,"{""morph_kernel"": 5}",samples/0.005/vf_3bb8e110c38d/adversarial/George_W_Bush_George_W_Bush_0024_to_Hugo_Chavez_Hugo_Chavez_0032_facenet_eps0.005_a0.001_s10.jpg,outputs/verification_defense/roi_first/images/vf_3bb8e110c38d_roi_first.png,samples/0.005/vf_3bb8e110c38d/target_enroll/Hugo_Chavez_0032.jpg,0.47966246581077576,0.45437643,0.42967927,False,False,False,False,0.0019
vf_67de95f8645a,roi_first,"{""morph_kernel"": 5}",samples/0.005/vf_67de95f8645a/adversarial/John_Ashcroft_John_Ashcroft_0018_to_George_W_Bush_George_W_Bush_0374_facenet_eps0.005_a0.001_s10.jpg,outputs/verification_defense/roi_first/images/vf_67de95f8645a_roi_first.png,samples/0.005/vf_67de95f8645a/target_enroll/George_W_Bush_0374.jpg,0.47966246581077576,0.54405886,0.23926756,True,False,False,True,0.0025
vf_7678ec274d7c,roi_first,"{""morph_kernel"": 5}",samples/0.010/vf_7678ec274d7c/adversarial/John_Ashcroft_John_Ashcroft_0030_to_Tony_Blair_Tony_Blair_0051_facenet_eps0.010_a0.001_s10.jpg,outputs/verification_defense/roi_first/images/vf_7678ec274d7c_roi_first.png,samples/0.010/vf_7678ec274d7c/target_enroll/Tony_Blair_0051.jpg,0.47966246581077576,0.58916825,0.06437945,True,False,False,True,0.0019
vf_77929c8ec426,roi_first,"{""morph_kernel"": 5}",samples/0.010/vf_77929c8ec426/adversarial/Tony_Blair_Tony_Blair_0080_to_Colin_Powell_Colin_Powell_0218_facenet_eps0.010_a0.001_s10.jpg,outputs/verification_defense/roi_first/images/vf_77929c8ec426_roi_first.png,samples/0.010/vf_77929c8ec426/target_enroll/Colin_Powell_0218.jpg,0.47966246581077576,0.62700939,0.43755525,True,False,False,True,0.0019
vf_2e9c27c13851,roi_first,"{""morph_kernel"": 5}",samples/0.010/vf_2e9c27c13851/adversarial/George_W_Bush_George_W_Bush_0473_to_Jean_Chretien_Jean_Chretien_0036_facenet_eps0.010_a0.001_s10.jpg,outputs/verification_defense/roi_first/images/vf_2e9c27c13851_roi_first.png,samples/0.010/vf_2e9c27c13851/target_enroll/Jean_Chretien_0036.jpg,0.47966246581077576,0.46530131,0.35197699,False,False,False,False,0.0019
vf_5a94edcabb77,roi_first,"{""morph_kernel"": 5}",samples/0.010/vf_5a94edcabb77/adversarial/Junichiro_Koizumi_Junichiro_Koizumi_0017_to_George_W_Bush_George_W_Bush_0391_facenet_eps0.010_a0.001_s10.jpg,outputs/verification_defense/roi_first/images/vf_5a94edcabb77_roi_first.png,samples/0.010/vf_5a94edcabb77/target_enroll/George_W_Bush_0391.jpg,0.47966246581077576,0.85273051,0.53881133,True,True,True,False,0.0017
vf_52d06780daa5,roi_first,"{""morph_kernel"": 5}",samples/0.010/vf_52d06780daa5/adversarial/Tony_Blair_Tony_Blair_0016_to_Junichiro_Koizumi_Junichiro_Koizumi_0047_facenet_eps0.010_a0.001_s10.jpg,outputs/verification_defense/roi_first/images/vf_52d06780daa5_roi_first.png,samples/0.010/vf_52d06780daa5/target_enroll/Junichiro_Koizumi_0047.jpg,0.47966246581077576,0.57500362,0.10918698,True,False,False,True,0.0018
vf_a68bec247b5f,roi_first,"{""morph_kernel"": 5}",samples/0.010/vf_a68bec247b5f/adversarial/George_W_Bush_George_W_Bush_0251_to_Jean_Chretien_Jean_Chretien_0044_facenet_eps0.010_a0.001_s10.jpg,outputs/verification_defense/roi_first/images/vf_a68bec247b5f_roi_first.png,samples/0.010/vf_a68bec247b5f/target_enroll/Jean_Chretien_0044.jpg,0.47966246581077576,0.51708746,0.1672067,True,False,False,True,0.0018
vf_b2db9c409315,roi_first,"{""morph_kernel"": 5}",samples/0.010/vf_b2db9c409315/adversarial/Gerhard_Schroeder_Gerhard_Schroeder_0074_to_Jean_Chretien_Jean_Chretien_0050_facenet_eps0.010_a0.001_s10.jpg,outputs/verification_defense/roi_first/images/vf_b2db9c409315_roi_first.png,samples/0.010/vf_b2db9c409315/target_enroll/Jean_Chretien_0050.jpg,0.47966246581077576,0.61280626,0.66026402,True,True,True,False,0.0019
vf_d4a4986c9b43,roi_first,"{""morph_kernel"": 5}",samples/0.010/vf_d4a4986c9b43/adversarial/Ariel_Sharon_Ariel_Sharon_0069_to_Hugo_Chavez_Hugo_Chavez_0051_facenet_eps0.010_a0.001_s10.jpg,outputs/verification_defense/roi_first/images/vf_d4a4986c9b43_roi_first.png,samples/0.010/vf_d4a4986c9b43/target_enroll/Hugo_Chavez_0051.jpg,0.47966246581077576,0.49036503,0.41300657,True,False,False,True,0.0017
vf_48af2e6e91f3,roi_first,"{""morph_kernel"": 5}",samples/0.010/vf_48af2e6e91f3/adversarial/Ariel_Sharon_Ariel_Sharon_0069_to_Colin_Powell_Colin_Powell_0179_facenet_eps0.010_a0.001_s10.jpg,outputs/verification_defense/roi_first/images/vf_48af2e6e91f3_roi_first.png,samples/0.010/vf_48af2e6e91f3/target_enroll/Colin_Powell_0179.jpg,0.47966246581077576,0.61002445,0.55588406,True,True,True,False,0.002
vf_1a4a35393e20,roi_first,"{""morph_kernel"": 5}",samples/0.010/vf_1a4a35393e20/adversarial/George_W_Bush_George_W_Bush_0442_to_Tony_Blair_Tony_Blair_0088_facenet_eps0.010_a0.001_s10.jpg,outputs/verification_defense/roi_first/images/vf_1a4a35393e20_roi_first.png,samples/0.010/vf_1a4a35393e20/target_enroll/Tony_Blair_0088.jpg,0.47966246581077576,0.64751679,0.3099899,True,False,False,True,0.0017
vf_69175dbfa8d3,roi_first,"{""morph_kernel"": 5}",samples/0.010/vf_69175dbfa8d3/adversarial/George_W_Bush_George_W_Bush_0510_to_John_Ashcroft_John_Ashcroft_0006_facenet_eps0.010_a0.001_s10.jpg,outputs/verification_defense/roi_first/images/vf_69175dbfa8d3_roi_first.png,samples/0.010/vf_69175dbfa8d3/target_enroll/John_Ashcroft_0006.jpg,0.47966246581077576,0.63731933,-0.0054816,True,False,False,True,0.0018
vf_c81119d6f007,roi_first,"{""morph_kernel"": 5}",samples/0.010/vf_c81119d6f007/adversarial/Hugo_Chavez_Hugo_Chavez_0046_to_Junichiro_Koizumi_Junichiro_Koizumi_0040_facenet_eps0.010_a0.001_s10.jpg,outputs/verification_defense/roi_first/images/vf_c81119d6f007_roi_first.png,samples/0.010/vf_c81119d6f007/target_enroll/Junichiro_Koizumi_0040.jpg,0.47966246581077576,0.59527409,0.23574886,True,False,False,True,0.0018
vf_498718c6771b,roi_first,"{""morph_kernel"": 5}",samples/0.010/vf_498718c6771b/adversarial/John_Ashcroft_John_Ashcroft_0013_to_Tony_Blair_Tony_Blair_0088_facenet_eps0.010_a0.001_s10.jpg,outputs/verification_defense/roi_first/images/vf_498718c6771b_roi_first.png,samples/0.010/vf_498718c6771b/target_enroll/Tony_Blair_0088.jpg,0.47966246581077576,0.53963292,0.38979641,True,False,False,True,0.0018
vf_e107de7de7da,roi_first,"{""morph_kernel"": 5}",samples/0.010/vf_e107de7de7da/adversarial/Gerhard_Schroeder_Gerhard_Schroeder_0084_to_Hugo_Chavez_Hugo_Chavez_0032_facenet_eps0.010_a0.001_s10.jpg,outputs/verification_defense/roi_first/images/vf_e107de7de7da_roi_first.png,samples/0.010/vf_e107de7de7da/target_enroll/Hugo_Chavez_0032.jpg,0.47966246581077576,0.59028733,0.09301672,True,False,False,True,0.0019
vf_a23252c49cc4,roi_first,"{""morph_kernel"": 5}",samples/0.010/vf_a23252c49cc4/adversarial/Colin_Powell_Colin_Powell_0077_to_George_W_Bush_George_W_Bush_0454_facenet_eps0.010_a0.001_s10.jpg,outputs/verification_defense/roi_first/images/vf_a23252c49cc4_roi_first.png,samples/0.010/vf_a23252c49cc4/target_enroll/George_W_Bush_0454.jpg,0.47966246581077576,0.54455751,0.19665255,True,False,False,True,0.0019
vf_2c466f39d332,roi_first,"{""morph_kernel"": 5}",samples/0.010/vf_2c466f39d332/adversarial/Gerhard_Schroeder_Gerhard_Schroeder_0063_to_George_W_Bush_George_W_Bush_0434_facenet_eps0.010_a0.001_s10.jpg,outputs/verification_defense/roi_first/images/vf_2c466f39d332_roi_first.png,samples/0.010/vf_2c466f39d332/target_enroll/George_W_Bush_0434.jpg,0.47966246581077576,0.56392252,0.21406142,True,False,False,True,0.0018
vf_f57c19c5dea3,roi_first,"{""morph_kernel"": 5}",samples/0.010/vf_f57c19c5dea3/adversarial/George_W_Bush_George_W_Bush_0099_to_Hugo_Chavez_Hugo_Chavez_0053_facenet_eps0.010_a0.001_s10.jpg,outputs/verification_defense/roi_first/images/vf_f57c19c5dea3_roi_first.png,samples/0.010/vf_f57c19c5dea3/target_enroll/Hugo_Chavez_0053.jpg,0.47966246581077576,0.47401795,0.17927842,False,False,False,False,0.002
vf_a8e2b921c5b6,roi_first,"{""morph_kernel"": 5}",samples/0.010/vf_a8e2b921c5b6/adversarial/Donald_Rumsfeld_Donald_Rumsfeld_0061_to_Junichiro_Koizumi_Junichiro_Koizumi_0058_facenet_eps0.010_a0.001_s10.jpg,outputs/verification_defense/roi_first/images/vf_a8e2b921c5b6_roi_first.png,samples/0.010/vf_a8e2b921c5b6/target_enroll/Junichiro_Koizumi_0058.jpg,0.47966246581077576,0.43004632,0.32060474,False,False,False,False,0.0021
vf_13a12934ff67,roi_first,"{""morph_kernel"": 5}",samples/0.010/vf_13a12934ff67/adversarial/Colin_Powell_Colin_Powell_0050_to_John_Ashcroft_John_Ashcroft_0008_facenet_eps0.010_a0.001_s10.jpg,outputs/verification_defense/roi_first/images/vf_13a12934ff67_roi_first.png,samples/0.010/vf_13a12934ff67/target_enroll/John_Ashcroft_0008.jpg,0.47966246581077576,0.45301235,-0.1239574,False,False,False,False,0.002
vf_5820ea90f485,roi_first,"{""morph_kernel"": 5}",samples/0.010/vf_5820ea90f485/adversarial/John_Ashcroft_John_Ashcroft_0013_to_Jean_Chretien_Jean_Chretien_0040_facenet_eps0.010_a0.001_s10.jpg,outputs/verification_defense/roi_first/images/vf_5820ea90f485_roi_first.png,samples/0.010/vf_5820ea90f485/target_enroll/Jean_Chretien_0040.jpg,0.47966246581077576,0.39753827,0.44659737,False,False,False,False,0.002
vf_2930b537e255,roi_first,"{""morph_kernel"": 5}",samples/0.010/vf_2930b537e255/adversarial/Donald_Rumsfeld_Donald_Rumsfeld_0091_to_John_Ashcroft_John_Ashcroft_0026_facenet_eps0.010_a0.001_s10.jpg,outputs/verification_defense/roi_first/images/vf_2930b537e255_roi_first.png,samples/0.010/vf_2930b537e255/target_enroll/John_Ashcroft_0026.jpg,0.47966246581077576,0.5750457,0.43209726,True,False,False,True,0.002
vf_eb469b686ce7,roi_first,"{""morph_kernel"": 5}",samples/0.010/vf_eb469b686ce7/adversarial/Ariel_Sharon_Ariel_Sharon_0042_to_Donald_Rumsfeld_Donald_Rumsfeld_0006_facenet_eps0.010_a0.001_s10.jpg,outputs/verification_defense/roi_first/images/vf_eb469b686ce7_roi_first.png,samples/0.010/vf_eb469b686ce7/target_enroll/Donald_Rumsfeld_0006.jpg,0.47966246581077576,0.46973717,-0.01890073,False,False,False,False,0.0017
vf_02078c82c5db,roi_first,"{""morph_kernel"": 5}",samples/0.010/vf_02078c82c5db/adversarial/Gerhard_Schroeder_Gerhard_Schroeder_0075_to_Hugo_Chavez_Hugo_Chavez_0046_facenet_eps0.010_a0.001_s10.jpg,outputs/verification_defense/roi_first/images/vf_02078c82c5db_roi_first.png,samples/0.010/vf_02078c82c5db/target_enroll/Hugo_Chavez_0046.jpg,0.47966246581077576,0.71012312,0.48456049,True,True,True,False,0.0019
vf_81ae781b218a,roi_first,"{""morph_kernel"": 5}",samples/0.010/vf_81ae781b218a/adversarial/Ariel_Sharon_Ariel_Sharon_0059_to_Donald_Rumsfeld_Donald_Rumsfeld_0091_facenet_eps0.010_a0.001_s10.jpg,outputs/verification_defense/roi_first/images/vf_81ae781b218a_roi_first.png,samples/0.010/vf_81ae781b218a/target_enroll/Donald_Rumsfeld_0091.jpg,0.47966246581077576,0.44783095,0.38125026,False,False,False,False,0.002
vf_c3984b058a86,roi_first,"{""morph_kernel"": 5}",samples/0.010/vf_c3984b058a86/adversarial/John_Ashcroft_John_Ashcroft_0018_to_Junichiro_Koizumi_Junichiro_Koizumi_0058_facenet_eps0.010_a0.001_s10.jpg,outputs/verification_defense/roi_first/images/vf_c3984b058a86_roi_first.png,samples/0.010/vf_c3984b058a86/target_enroll/Junichiro_Koizumi_0058.jpg,0.47966246581077576,0.35777718,0.00068242,False,False,False,False,0.0019
vf_3f651fc8ba9f,roi_first,"{""morph_kernel"": 5}",samples/0.010/vf_3f651fc8ba9f/adversarial/John_Ashcroft_John_Ashcroft_0008_to_Hugo_Chavez_Hugo_Chavez_0008_facenet_eps0.010_a0.001_s10.jpg,outputs/verification_defense/roi_first/images/vf_3f651fc8ba9f_roi_first.png,samples/0.010/vf_3f651fc8ba9f/target_enroll/Hugo_Chavez_0008.jpg,0.47966246581077576,0.70092881,0.00232373,True,False,False,True,0.0018
vf_5e27ff52cbc6,roi_first,"{""morph_kernel"": 5}",samples/0.010/vf_5e27ff52cbc6/adversarial/Colin_Powell_Colin_Powell_0185_to_Gerhard_Schroeder_Gerhard_Schroeder_0084_facenet_eps0.010_a0.001_s10.jpg,outputs/verification_defense/roi_first/images/vf_5e27ff52cbc6_roi_first.png,samples/0.010/vf_5e27ff52cbc6/target_enroll/Gerhard_Schroeder_0084.jpg,0.47966246581077576,0.66758567,0.51322365,True,True,True,False,0.0019
vf_9ace921f0225,roi_first,"{""morph_kernel"": 5}",samples/0.010/vf_9ace921f0225/adversarial/Gerhard_Schroeder_Gerhard_Schroeder_0024_to_John_Ashcroft_John_Ashcroft_0006_facenet_eps0.010_a0.001_s10.jpg,outputs/verification_defense/roi_first/images/vf_9ace921f0225_roi_first.png,samples/0.010/vf_9ace921f0225/target_enroll/John_Ashcroft_0006.jpg,0.47966246581077576,0.59128428,-0.02396534,True,False,False,True,0.0019
vf_30e8c64b814c,roi_first,"{""morph_kernel"": 5}",samples/0.010/vf_30e8c64b814c/adversarial/George_W_Bush_George_W_Bush_0414_to_Donald_Rumsfeld_Donald_Rumsfeld_0038_facenet_eps0.010_a0.001_s10.jpg,outputs/verification_defense/roi_first/images/vf_30e8c64b814c_roi_first.png,samples/0.010/vf_30e8c64b814c/target_enroll/Donald_Rumsfeld_0038.jpg,0.47966246581077576,0.62246752,0.48299032,True,True,True,False,0.0019
vf_32404cabc23c,roi_first,"{""morph_kernel"": 5}",samples/0.010/vf_32404cabc23c/adversarial/John_Ashcroft_John_Ashcroft_0030_to_Tony_Blair_Tony_Blair_0104_facenet_eps0.010_a0.001_s10.jpg,outputs/verification_defense/roi_first/images/vf_32404cabc23c_roi_first.png,samples/0.010/vf_32404cabc23c/target_enroll/Tony_Blair_0104.jpg,0.47966246581077576,0.74971253,-0.03552502,True,False,False,True,0.002
vf_53d46e8db10e,roi_first,"{""morph_kernel"": 5}",samples/0.010/vf_53d46e8db10e/adversarial/Jean_Chretien_Jean_Chretien_0044_to_Donald_Rumsfeld_Donald_Rumsfeld_0017_facenet_eps0.010_a0.001_s10.jpg,outputs/verification_defense/roi_first/images/vf_53d46e8db10e_roi_first.png,samples/0.010/vf_53d46e8db10e/target_enroll/Donald_Rumsfeld_0017.jpg,0.47966246581077576,0.48609057,0.19111757,True,False,False,True,0.0019
vf_d694167e9725,roi_first,"{""morph_kernel"": 5}",samples/0.010/vf_d694167e9725/adversarial/Jean_Chretien_Jean_Chretien_0007_to_Tony_Blair_Tony_Blair_0066_facenet_eps0.010_a0.001_s10.jpg,outputs/verification_defense/roi_first/images/vf_d694167e9725_roi_first.png,samples/0.010/vf_d694167e9725/target_enroll/Tony_Blair_0066.jpg,0.47966246581077576,0.44271356,0.1891831,False,False,False,False,0.0019
vf_07cf156bd5b2,roi_first,"{""morph_kernel"": 5}",samples/0.010/vf_07cf156bd5b2/adversarial/Tony_Blair_Tony_Blair_0043_to_Colin_Powell_Colin_Powell_0130_facenet_eps0.010_a0.001_s10.jpg,outputs/verification_defense/roi_first/images/vf_07cf156bd5b2_roi_first.png,samples/0.010/vf_07cf156bd5b2/target_enroll/Colin_Powell_0130.jpg,0.47966246581077576,0.76901895,0.65670764,True,True,True,False,0.0026
vf_88daab4b79fc,roi_first,"{""morph_kernel"": 5}",samples/0.010/vf_88daab4b79fc/adversarial/John_Ashcroft_John_Ashcroft_0013_to_Colin_Powell_Colin_Powell_0108_facenet_eps0.010_a0.001_s10.jpg,outputs/verification_defense/roi_first/images/vf_88daab4b79fc_roi_first.png,samples/0.010/vf_88daab4b79fc/target_enroll/Colin_Powell_0108.jpg,0.47966246581077576,0.42918509,0.46877271,False,False,False,False,0.002
vf_3c0c901eb282,roi_first,"{""morph_kernel"": 5}",samples/0.010/vf_3c0c901eb282/adversarial/Jean_Chretien_Jean_Chretien_0036_to_Ariel_Sharon_Ariel_Sharon_0042_facenet_eps0.010_a0.001_s10.jpg,outputs/verification_defense/roi_first/images/vf_3c0c901eb282_roi_first.png,samples/0.010/vf_3c0c901eb282/target_enroll/Ariel_Sharon_0042.jpg,0.47966246581077576,0.69724667,0.35643846,True,False,False,True,0.0019
vf_27aca419b7af,roi_first,"{""morph_kernel"": 5}",samples/0.010/vf_27aca419b7af/adversarial/Donald_Rumsfeld_Donald_Rumsfeld_0007_to_George_W_Bush_George_W_Bush_0339_facenet_eps0.010_a0.001_s10.jpg,outputs/verification_defense/roi_first/images/vf_27aca419b7af_roi_first.png,samples/0.010/vf_27aca419b7af/target_enroll/George_W_Bush_0339.jpg,0.47966246581077576,0.70048028,0.56576324,True,True,True,False,0.0018
vf_a282ca20f9db,roi_first,"{""morph_kernel"": 5}",samples/0.010/vf_a282ca20f9db/adversarial/Donald_Rumsfeld_Donald_Rumsfeld_0097_to_Gerhard_Schroeder_Gerhard_Schroeder_0006_facenet_eps0.010_a0.001_s10.jpg,outputs/verification_defense/roi_first/images/vf_a282ca20f9db_roi_first.png,samples/0.010/vf_a282ca20f9db/target_enroll/Gerhard_Schroeder_0006.jpg,0.47966246581077576,0.5338518,0.33509487,True,False,False,True,0.0021
vf_5161d764390e,roi_first,"{""morph_kernel"": 5}",samples/0.010/vf_5161d764390e/adversarial/Ariel_Sharon_Ariel_Sharon_0042_to_Gerhard_Schroeder_Gerhard_Schroeder_0036_facenet_eps0.010_a0.001_s10.jpg,outputs/verification_defense/roi_first/images/vf_5161d764390e_roi_first.png,samples/0.010/vf_5161d764390e/target_enroll/Gerhard_Schroeder_0036.jpg,0.47966246581077576,0.40393558,0.00632698,False,False,False,False,0.0017
vf_b7984d7baebe,roi_first,"{""morph_kernel"": 5}",samples/0.010/vf_b7984d7baebe/adversarial/Tony_Blair_Tony_Blair_0007_to_Junichiro_Koizumi_Junichiro_Koizumi_0049_facenet_eps0.010_a0.001_s10.jpg,outputs/verification_defense/roi_first/images/vf_b7984d7baebe_roi_first.png,samples/0.010/vf_b7984d7baebe/target_enroll/Junichiro_Koizumi_0049.jpg,0.47966246581077576,0.65716189,0.53929877,True,True,True,False,0.0017
vf_517bc045f993,roi_first,"{""morph_kernel"": 5}",samples/0.010/vf_517bc045f993/adversarial/Jean_Chretien_Jean_Chretien_0031_to_Hugo_Chavez_Hugo_Chavez_0044_facenet_eps0.010_a0.001_s10.jpg,outputs/verification_defense/roi_first/images/vf_517bc045f993_roi_first.png,samples/0.010/vf_517bc045f993/target_enroll/Hugo_Chavez_0044.jpg,0.47966246581077576,0.53772897,0.23220956,True,False,False,True,0.0024
vf_7115de04e344,roi_first,"{""morph_kernel"": 5}",samples/0.010/vf_7115de04e344/adversarial/Donald_Rumsfeld_Donald_Rumsfeld_0017_to_Jean_Chretien_Jean_Chretien_0007_facenet_eps0.010_a0.001_s10.jpg,outputs/verification_defense/roi_first/images/vf_7115de04e344_roi_first.png,samples/0.010/vf_7115de04e344/target_enroll/Jean_Chretien_0007.jpg,0.47966246581077576,0.64312524,0.57412446,True,True,True,False,0.0019
vf_11499d8bd2f2,roi_first,"{""morph_kernel"": 5}",samples/0.010/vf_11499d8bd2f2/adversarial/Gerhard_Schroeder_Gerhard_Schroeder_0056_to_Ariel_Sharon_Ariel_Sharon_0045_facenet_eps0.010_a0.001_s10.jpg,outputs/verification_defense/roi_first/images/vf_11499d8bd2f2_roi_first.png,samples/0.010/vf_11499d8bd2f2/target_enroll/Ariel_Sharon_0045.jpg,0.47966246581077576,0.42546353,0.29195485,False,False,False,False,0.0018
vf_0c740ed362fa,roi_first,"{""morph_kernel"": 5}",samples/0.010/vf_0c740ed362fa/adversarial/John_Ashcroft_John_Ashcroft_0006_to_George_W_Bush_George_W_Bush_0374_facenet_eps0.010_a0.001_s10.jpg,outputs/verification_defense/roi_first/images/vf_0c740ed362fa_roi_first.png,samples/0.010/vf_0c740ed362fa/target_enroll/George_W_Bush_0374.jpg,0.47966246581077576,0.66029459,0.16327253,True,False,False,True,0.0018
vf_da425b64a666,roi_first,"{""morph_kernel"": 5}",samples/0.010/vf_da425b64a666/adversarial/Tony_Blair_Tony_Blair_0120_to_George_W_Bush_George_W_Bush_0041_facenet_eps0.010_a0.001_s10.jpg,outputs/verification_defense/roi_first/images/vf_da425b64a666_roi_first.png,samples/0.010/vf_da425b64a666/target_enroll/George_W_Bush_0041.jpg,0.47966246581077576,0.54449701,0.08862071,True,False,False,True,0.0019
vf_7234807594c7,roi_first,"{""morph_kernel"": 5}",samples/0.010/vf_7234807594c7/adversarial/John_Ashcroft_John_Ashcroft_0030_to_Ariel_Sharon_Ariel_Sharon_0049_facenet_eps0.010_a0.001_s10.jpg,outputs/verification_defense/roi_first/images/vf_7234807594c7_roi_first.png,samples/0.010/vf_7234807594c7/target_enroll/Ariel_Sharon_0049.jpg,0.47966246581077576,0.57966363,0.09268259,True,False,False,True,0.002
vf_5e55848a9327,roi_first,"{""morph_kernel"": 5}",samples/0.010/vf_5e55848a9327/adversarial/George_W_Bush_George_W_Bush_0064_to_Tony_Blair_Tony_Blair_0077_facenet_eps0.010_a0.001_s10.jpg,outputs/verification_defense/roi_first/images/vf_5e55848a9327_roi_first.png,samples/0.010/vf_5e55848a9327/target_enroll/Tony_Blair_0077.jpg,0.47966246581077576,0.62548357,0.47452107,True,False,False,True,0.0018
vf_bc6f07cdfb64,roi_first,"{""morph_kernel"": 5}",samples/0.010/vf_bc6f07cdfb64/adversarial/George_W_Bush_George_W_Bush_0444_to_Donald_Rumsfeld_Donald_Rumsfeld_0069_facenet_eps0.010_a0.001_s10.jpg,outputs/verification_defense/roi_first/images/vf_bc6f07cdfb64_roi_first.png,samples/0.010/vf_bc6f07cdfb64/target_enroll/Donald_Rumsfeld_0069.jpg,0.47966246581077576,0.7214722,0.53975379,True,True,True,False,0.0018
vf_c881dcaacc5c,roi_first,"{""morph_kernel"": 5}",samples/0.010/vf_c881dcaacc5c/adversarial/Tony_Blair_Tony_Blair_0104_to_Colin_Powell_Colin_Powell_0032_facenet_eps0.010_a0.001_s10.jpg,outputs/verification_defense/roi_first/images/vf_c881dcaacc5c_roi_first.png,samples/0.010/vf_c881dcaacc5c/target_enroll/Colin_Powell_0032.jpg,0.47966246581077576,0.80284739,0.61044359,True,True,True,False,0.0018
vf_7067569a1052,roi_first,"{""morph_kernel"": 5}",samples/0.010/vf_7067569a1052/adversarial/Donald_Rumsfeld_Donald_Rumsfeld_0082_to_Gerhard_Schroeder_Gerhard_Schroeder_0098_facenet_eps0.010_a0.001_s10.jpg,outputs/verification_defense/roi_first/images/vf_7067569a1052_roi_first.png,samples/0.010/vf_7067569a1052/target_enroll/Gerhard_Schroeder_0098.jpg,0.47966246581077576,0.62827718,0.35962093,True,False,False,True,0.0018
vf_6f5a7ccd035b,roi_first,"{""morph_kernel"": 5}",samples/0.010/vf_6f5a7ccd035b/adversarial/George_W_Bush_George_W_Bush_0033_to_Ariel_Sharon_Ariel_Sharon_0049_facenet_eps0.010_a0.001_s10.jpg,outputs/verification_defense/roi_first/images/vf_6f5a7ccd035b_roi_first.png,samples/0.010/vf_6f5a7ccd035b/target_enroll/Ariel_Sharon_0049.jpg,0.47966246581077576,0.45193756,0.23608449,False,False,False,False,0.0018
vf_69347058fea9,roi_first,"{""morph_kernel"": 5}",samples/0.010/vf_69347058fea9/adversarial/Colin_Powell_Colin_Powell_0179_to_Tony_Blair_Tony_Blair_0027_facenet_eps0.010_a0.001_s10.jpg,outputs/verification_defense/roi_first/images/vf_69347058fea9_roi_first.png,samples/0.010/vf_69347058fea9/target_enroll/Tony_Blair_0027.jpg,0.47966246581077576,0.66382629,0.35666174,True,False,False,True,0.0017
vf_7adbcba2f659,roi_first,"{""morph_kernel"": 5}",samples/0.010/vf_7adbcba2f659/adversarial/John_Ashcroft_John_Ashcroft_0008_to_Gerhard_Schroeder_Gerhard_Schroeder_0023_facenet_eps0.010_a0.001_s10.jpg,outputs/verification_defense/roi_first/images/vf_7adbcba2f659_roi_first.png,samples/0.010/vf_7adbcba2f659/target_enroll/Gerhard_Schroeder_0023.jpg,0.47966246581077576,0.60974216,-0.10138791,True,False,False,True,0.0019
vf_813b582996b0,roi_first,"{""morph_kernel"": 5}",samples/0.010/vf_813b582996b0/adversarial/Gerhard_Schroeder_Gerhard_Schroeder_0061_to_Hugo_Chavez_Hugo_Chavez_0019_facenet_eps0.010_a0.001_s10.jpg,outputs/verification_defense/roi_first/images/vf_813b582996b0_roi_first.png,samples/0.010/vf_813b582996b0/target_enroll/Hugo_Chavez_0019.jpg,0.47966246581077576,0.72140396,0.47867218,True,False,False,True,0.0018
vf_6b0e24ee0c42,roi_first,"{""morph_kernel"": 5}",samples/0.010/vf_6b0e24ee0c42/adversarial/Junichiro_Koizumi_Junichiro_Koizumi_0049_to_Hugo_Chavez_Hugo_Chavez_0051_facenet_eps0.010_a0.001_s10.jpg,outputs/verification_defense/roi_first/images/vf_6b0e24ee0c42_roi_first.png,samples/0.010/vf_6b0e24ee0c42/target_enroll/Hugo_Chavez_0051.jpg,0.47966246581077576,0.62422049,0.41132399,True,False,False,True,0.0021
vf_2b633530dc06,roi_first,"{""morph_kernel"": 5}",samples/0.010/vf_2b633530dc06/adversarial/Tony_Blair_Tony_Blair_0063_to_John_Ashcroft_John_Ashcroft_0013_facenet_eps0.010_a0.001_s10.jpg,outputs/verification_defense/roi_first/images/vf_2b633530dc06_roi_first.png,samples/0.010/vf_2b633530dc06/target_enroll/John_Ashcroft_0013.jpg,0.47966246581077576,0.64781165,0.44306159,True,False,False,True,0.0023
vf_5f9215622b13,roi_first,"{""morph_kernel"": 5}",samples/0.010/vf_5f9215622b13/adversarial/Junichiro_Koizumi_Junichiro_Koizumi_0009_to_Colin_Powell_Colin_Powell_0223_facenet_eps0.010_a0.001_s10.jpg,outputs/verification_defense/roi_first/images/vf_5f9215622b13_roi_first.png,samples/0.010/vf_5f9215622b13/target_enroll/Colin_Powell_0223.jpg,0.47966246581077576,0.48630953,0.24471396,True,False,False,True,0.0023
vf_b17c86a3ea19,roi_first,"{""morph_kernel"": 5}",samples/0.010/vf_b17c86a3ea19/adversarial/John_Ashcroft_John_Ashcroft_0030_to_Gerhard_Schroeder_Gerhard_Schroeder_0024_facenet_eps0.010_a0.001_s10.jpg,outputs/verification_defense/roi_first/images/vf_b17c86a3ea19_roi_first.png,samples/0.010/vf_b17c86a3ea19/target_enroll/Gerhard_Schroeder_0024.jpg,0.47966246581077576,0.50978082,0.1713452,True,False,False,True,0.002
vf_f1d0486172a0,roi_first,"{""morph_kernel"": 5}",samples/0.010/vf_f1d0486172a0/adversarial/Tony_Blair_Tony_Blair_0120_to_John_Ashcroft_John_Ashcroft_0043_facenet_eps0.010_a0.001_s10.jpg,outputs/verification_defense/roi_first/images/vf_f1d0486172a0_roi_first.png,samples/0.010/vf_f1d0486172a0/target_enroll/John_Ashcroft_0043.jpg,0.47966246581077576,0.68940109,-0.18891037,True,False,False,True,0.0024
vf_5fefae7baf11,roi_first,"{""morph_kernel"": 5}",samples/0.010/vf_5fefae7baf11/adversarial/Hugo_Chavez_Hugo_Chavez_0046_to_Colin_Powell_Colin_Powell_0212_facenet_eps0.010_a0.001_s10.jpg,outputs/verification_defense/roi_first/images/vf_5fefae7baf11_roi_first.png,samples/0.010/vf_5fefae7baf11/target_enroll/Colin_Powell_0212.jpg,0.47966246581077576,0.58810425,0.44730398,True,False,False,True,0.0019
vf_6929e956eb55,roi_first,"{""morph_kernel"": 5}",samples/0.010/vf_6929e956eb55/adversarial/Colin_Powell_Colin_Powell_0105_to_Jean_Chretien_Jean_Chretien_0044_facenet_eps0.010_a0.001_s10.jpg,outputs/verification_defense/roi_first/images/vf_6929e956eb55_roi_first.png,samples/0.010/vf_6929e956eb55/target_enroll/Jean_Chretien_0044.jpg,0.47966246581077576,0.40261775,0.12188381,False,False,False,False,0.0019
vf_d6bbc36eb3a1,roi_first,"{""morph_kernel"": 5}",samples/0.010/vf_d6bbc36eb3a1/adversarial/Gerhard_Schroeder_Gerhard_Schroeder_0098_to_Jean_Chretien_Jean_Chretien_0015_facenet_eps0.010_a0.001_s10.jpg,outputs/verification_defense/roi_first/images/vf_d6bbc36eb3a1_roi_first.png,samples/0.010/vf_d6bbc36eb3a1/target_enroll/Jean_Chretien_0015.jpg,0.47966246581077576,0.62649572,0.65134132,True,True,True,False,0.002
vf_e57b102395f1,roi_first,"{""morph_kernel"": 5}",samples/0.010/vf_e57b102395f1/adversarial/Jean_Chretien_Jean_Chretien_0050_to_Junichiro_Koizumi_Junichiro_Koizumi_0043_facenet_eps0.010_a0.001_s10.jpg,outputs/verification_defense/roi_first/images/vf_e57b102395f1_roi_first.png,samples/0.010/vf_e57b102395f1/target_enroll/Junichiro_Koizumi_0043.jpg,0.47966246581077576,0.542292,0.38136375,True,False,False,True,0.0017
vf_6de98ee3f79f,roi_first,"{""morph_kernel"": 5}",samples/0.010/vf_6de98ee3f79f/adversarial/Jean_Chretien_Jean_Chretien_0044_to_John_Ashcroft_John_Ashcroft_0013_facenet_eps0.010_a0.001_s10.jpg,outputs/verification_defense/roi_first/images/vf_6de98ee3f79f_roi_first.png,samples/0.010/vf_6de98ee3f79f/target_enroll/John_Ashcroft_0013.jpg,0.47966246581077576,0.48942947,0.18793315,True,False,False,True,0.0018
vf_2322685d98ee,roi_first,"{""morph_kernel"": 5}",samples/0.010/vf_2322685d98ee/adversarial/Jean_Chretien_Jean_Chretien_0002_to_Gerhard_Schroeder_Gerhard_Schroeder_0024_facenet_eps0.010_a0.001_s10.jpg,outputs/verification_defense/roi_first/images/vf_2322685d98ee_roi_first.png,samples/0.010/vf_2322685d98ee/target_enroll/Gerhard_Schroeder_0024.jpg,0.47966246581077576,0.48146623,0.31602103,True,False,False,True,0.0019
vf_706e2b75254c,roi_first,"{""morph_kernel"": 5}",samples/0.010/vf_706e2b75254c/adversarial/George_W_Bush_George_W_Bush_0111_to_Gerhard_Schroeder_Gerhard_Schroeder_0024_facenet_eps0.010_a0.001_s10.jpg,outputs/verification_defense/roi_first/images/vf_706e2b75254c_roi_first.png,samples/0.010/vf_706e2b75254c/target_enroll/Gerhard_Schroeder_0024.jpg,0.47966246581077576,0.78762037,0.58356547,True,True,True,False,0.0021
vf_27cbdaa2d10a,roi_first,"{""morph_kernel"": 5}",samples/0.010/vf_27cbdaa2d10a/adversarial/Junichiro_Koizumi_Junichiro_Koizumi_0040_to_Colin_Powell_Colin_Powell_0001_facenet_eps0.010_a0.001_s10.jpg,outputs/verification_defense/roi_first/images/vf_27cbdaa2d10a_roi_first.png,samples/0.010/vf_27cbdaa2d10a/target_enroll/Colin_Powell_0001.jpg,0.47966246581077576,0.4388282,0.51012468,False,True,True,False,0.002
vf_34c04a49a43f,roi_first,"{""morph_kernel"": 5}",samples/0.010/vf_34c04a49a43f/adversarial/George_W_Bush_George_W_Bush_0175_to_Gerhard_Schroeder_Gerhard_Schroeder_0075_facenet_eps0.010_a0.001_s10.jpg,outputs/verification_defense/roi_first/images/vf_34c04a49a43f_roi_first.png,samples/0.010/vf_34c04a49a43f/target_enroll/Gerhard_Schroeder_0075.jpg,0.47966246581077576,0.62508571,0.45834532,True,False,False,True,0.0018
vf_8fd0ba6d5a59,roi_first,"{""morph_kernel"": 5}",samples/0.010/vf_8fd0ba6d5a59/adversarial/Hugo_Chavez_Hugo_Chavez_0053_to_Colin_Powell_Colin_Powell_0212_facenet_eps0.010_a0.001_s10.jpg,outputs/verification_defense/roi_first/images/vf_8fd0ba6d5a59_roi_first.png,samples/0.010/vf_8fd0ba6d5a59/target_enroll/Colin_Powell_0212.jpg,0.47966246581077576,0.58670843,0.30724117,True,False,False,True,0.002
vf_6a63f157f962,roi_first,"{""morph_kernel"": 5}",samples/0.010/vf_6a63f157f962/adversarial/Donald_Rumsfeld_Donald_Rumsfeld_0119_to_Tony_Blair_Tony_Blair_0063_facenet_eps0.010_a0.001_s10.jpg,outputs/verification_defense/roi_first/images/vf_6a63f157f962_roi_first.png,samples/0.010/vf_6a63f157f962/target_enroll/Tony_Blair_0063.jpg,0.47966246581077576,0.6222719,0.45464122,True,False,False,True,0.0017
vf_fc3d91e52d0c,roi_first,"{""morph_kernel"": 5}",samples/0.010/vf_fc3d91e52d0c/adversarial/George_W_Bush_George_W_Bush_0239_to_Jean_Chretien_Jean_Chretien_0031_facenet_eps0.010_a0.001_s10.jpg,outputs/verification_defense/roi_first/images/vf_fc3d91e52d0c_roi_first.png,samples/0.010/vf_fc3d91e52d0c/target_enroll/Jean_Chretien_0031.jpg,0.47966246581077576,0.60694122,0.42501584,True,False,False,True,0.0019
vf_c5ad29a93239,roi_first,"{""morph_kernel"": 5}",samples/0.010/vf_c5ad29a93239/adversarial/John_Ashcroft_John_Ashcroft_0018_to_Hugo_Chavez_Hugo_Chavez_0056_facenet_eps0.010_a0.001_s10.jpg,outputs/verification_defense/roi_first/images/vf_c5ad29a93239_roi_first.png,samples/0.010/vf_c5ad29a93239/target_enroll/Hugo_Chavez_0056.jpg,0.47966246581077576,0.4919723,0.43193957,True,False,False,True,0.0019
vf_fb9fc409e7cd,roi_first,"{""morph_kernel"": 5}",samples/0.010/vf_fb9fc409e7cd/adversarial/Hugo_Chavez_Hugo_Chavez_0044_to_Gerhard_Schroeder_Gerhard_Schroeder_0023_facenet_eps0.010_a0.001_s10.jpg,outputs/verification_defense/roi_first/images/vf_fb9fc409e7cd_roi_first.png,samples/0.010/vf_fb9fc409e7cd/target_enroll/Gerhard_Schroeder_0023.jpg,0.47966246581077576,0.52741891,0.24160928,True,False,False,True,0.0018
vf_6be53278bc7b,roi_first,"{""morph_kernel"": 5}",samples/0.010/vf_6be53278bc7b/adversarial/Jean_Chretien_Jean_Chretien_0050_to_George_W_Bush_George_W_Bush_0302_facenet_eps0.010_a0.001_s10.jpg,outputs/verification_defense/roi_first/images/vf_6be53278bc7b_roi_first.png,samples/0.010/vf_6be53278bc7b/target_enroll/George_W_Bush_0302.jpg,0.47966246581077576,0.4424099,0.30793029,False,False,False,False,0.0017
vf_0e5d5858de2b,roi_first,"{""morph_kernel"": 5}",samples/0.010/vf_0e5d5858de2b/adversarial/George_W_Bush_George_W_Bush_0413_to_Junichiro_Koizumi_Junichiro_Koizumi_0040_facenet_eps0.010_a0.001_s10.jpg,outputs/verification_defense/roi_first/images/vf_0e5d5858de2b_roi_first.png,samples/0.010/vf_0e5d5858de2b/target_enroll/Junichiro_Koizumi_0040.jpg,0.47966246581077576,0.51396734,0.31937358,True,False,False,True,0.0019
vf_93abc506fb23,roi_first,"{""morph_kernel"": 5}",samples/0.010/vf_93abc506fb23/adversarial/Jean_Chretien_Jean_Chretien_0040_to_Hugo_Chavez_Hugo_Chavez_0038_facenet_eps0.010_a0.001_s10.jpg,outputs/verification_defense/roi_first/images/vf_93abc506fb23_roi_first.png,samples/0.010/vf_93abc506fb23/target_enroll/Hugo_Chavez_0038.jpg,0.47966246581077576,0.61170793,0.52070057,True,True,True,False,0.0018
vf_fac2e7818510,roi_first,"{""morph_kernel"": 5}",samples/0.010/vf_fac2e7818510/adversarial/Donald_Rumsfeld_Donald_Rumsfeld_0036_to_Jean_Chretien_Jean_Chretien_0031_facenet_eps0.010_a0.001_s10.jpg,outputs/verification_defense/roi_first/images/vf_fac2e7818510_roi_first.png,samples/0.010/vf_fac2e7818510/target_enroll/Jean_Chretien_0031.jpg,0.47966246581077576,0.85301054,0.70207721,True,True,True,False,0.0017
vf_13d5d3fae321,roi_first,"{""morph_kernel"": 5}",samples/0.010/vf_13d5d3fae321/adversarial/George_W_Bush_George_W_Bush_0024_to_Hugo_Chavez_Hugo_Chavez_0032_facenet_eps0.010_a0.001_s10.jpg,outputs/verification_defense/roi_first/images/vf_13d5d3fae321_roi_first.png,samples/0.010/vf_13d5d3fae321/target_enroll/Hugo_Chavez_0032.jpg,0.47966246581077576,0.57804531,0.51558816,True,True,True,False,0.0021
vf_34d3aacf6835,roi_first,"{""morph_kernel"": 5}",samples/0.010/vf_34d3aacf6835/adversarial/John_Ashcroft_John_Ashcroft_0018_to_George_W_Bush_George_W_Bush_0374_facenet_eps0.010_a0.001_s10.jpg,outputs/verification_defense/roi_first/images/vf_34d3aacf6835_roi_first.png,samples/0.010/vf_34d3aacf6835/target_enroll/George_W_Bush_0374.jpg,0.47966246581077576,0.69334275,0.33408481,True,False,False,True,0.002
vf_7dba6446a3fd,roi_first,"{""morph_kernel"": 5}",samples/0.010/vf_7dba6446a3fd/adversarial/Donald_Rumsfeld_Donald_Rumsfeld_0006_to_Ariel_Sharon_Ariel_Sharon_0045_facenet_eps0.010_a0.001_s10.jpg,outputs/verification_defense/roi_first/images/vf_7dba6446a3fd_roi_first.png,samples/0.010/vf_7dba6446a3fd/target_enroll/Ariel_Sharon_0045.jpg,0.47966246581077576,0.48977059,0.2860114,True,False,False,True,0.0018
vf_87b25b3220a2,roi_first,"{""morph_kernel"": 5}",samples/0.010/vf_87b25b3220a2/adversarial/Gerhard_Schroeder_Gerhard_Schroeder_0098_to_Hugo_Chavez_Hugo_Chavez_0051_facenet_eps0.010_a0.001_s10.jpg,outputs/verification_defense/roi_first/images/vf_87b25b3220a2_roi_first.png,samples/0.010/vf_87b25b3220a2/target_enroll/Hugo_Chavez_0051.jpg,0.47966246581077576,0.53028208,0.40269694,True,False,False,True,0.0017
vf_be41f89ac067,roi_first,"{""morph_kernel"": 5}",samples/0.010/vf_be41f89ac067/adversarial/John_Ashcroft_John_Ashcroft_0030_to_Tony_Blair_Tony_Blair_0051_facenet_eps0.010_a0.001_s20.jpg,outputs/verification_defense/roi_first/images/vf_be41f89ac067_roi_first.png,samples/0.010/vf_be41f89ac067/target_enroll/Tony_Blair_0051.jpg,0.47966246581077576,0.61463392,0.04370241,True,False,False,True,0.002
vf_2b57f4beca06,roi_first,"{""morph_kernel"": 5}",samples/0.010/vf_2b57f4beca06/adversarial/Tony_Blair_Tony_Blair_0080_to_Colin_Powell_Colin_Powell_0218_facenet_eps0.010_a0.001_s20.jpg,outputs/verification_defense/roi_first/images/vf_2b57f4beca06_roi_first.png,samples/0.010/vf_2b57f4beca06/target_enroll/Colin_Powell_0218.jpg,0.47966246581077576,0.64625371,0.44534355,True,False,False,True,0.002
vf_a60b00595fd9,roi_first,"{""morph_kernel"": 5}",samples/0.010/vf_a60b00595fd9/adversarial/George_W_Bush_George_W_Bush_0473_to_Jean_Chretien_Jean_Chretien_0036_facenet_eps0.010_a0.001_s20.jpg,outputs/verification_defense/roi_first/images/vf_a60b00595fd9_roi_first.png,samples/0.010/vf_a60b00595fd9/target_enroll/Jean_Chretien_0036.jpg,0.47966246581077576,0.50037992,0.34399694,True,False,False,True,0.0019
vf_0591f2a2c339,roi_first,"{""morph_kernel"": 5}",samples/0.010/vf_0591f2a2c339/adversarial/Junichiro_Koizumi_Junichiro_Koizumi_0017_to_George_W_Bush_George_W_Bush_0391_facenet_eps0.010_a0.001_s20.jpg,outputs/verification_defense/roi_first/images/vf_0591f2a2c339_roi_first.png,samples/0.010/vf_0591f2a2c339/target_enroll/George_W_Bush_0391.jpg,0.47966246581077576,0.88146496,0.53372204,True,True,True,False,0.0019
vf_d6917f1f0a42,roi_first,"{""morph_kernel"": 5}",samples/0.010/vf_d6917f1f0a42/adversarial/Tony_Blair_Tony_Blair_0016_to_Junichiro_Koizumi_Junichiro_Koizumi_0047_facenet_eps0.010_a0.001_s20.jpg,outputs/verification_defense/roi_first/images/vf_d6917f1f0a42_roi_first.png,samples/0.010/vf_d6917f1f0a42/target_enroll/Junichiro_Koizumi_0047.jpg,0.47966246581077576,0.59695071,0.14300823,True,False,False,True,0.0019
vf_959f46c9c7af,roi_first,"{""morph_kernel"": 5}",samples/0.010/vf_959f46c9c7af/adversarial/George_W_Bush_George_W_Bush_0251_to_Jean_Chretien_Jean_Chretien_0044_facenet_eps0.010_a0.001_s20.jpg,outputs/verification_defense/roi_first/images/vf_959f46c9c7af_roi_first.png,samples/0.010/vf_959f46c9c7af/target_enroll/Jean_Chretien_0044.jpg,0.47966246581077576,0.54770464,0.17238811,True,False,False,True,0.0018
vf_26e61d74d27f,roi_first,"{""morph_kernel"": 5}",samples/0.010/vf_26e61d74d27f/adversarial/Gerhard_Schroeder_Gerhard_Schroeder_0074_to_Jean_Chretien_Jean_Chretien_0050_facenet_eps0.010_a0.001_s20.jpg,outputs/verification_defense/roi_first/images/vf_26e61d74d27f_roi_first.png,samples/0.010/vf_26e61d74d27f/target_enroll/Jean_Chretien_0050.jpg,0.47966246581077576,0.6393522,0.66991538,True,True,True,False,0.0019
vf_42a4f8a1f5fe,roi_first,"{""morph_kernel"": 5}",samples/0.010/vf_42a4f8a1f5fe/adversarial/Ariel_Sharon_Ariel_Sharon_0069_to_Hugo_Chavez_Hugo_Chavez_0051_facenet_eps0.010_a0.001_s20.jpg,outputs/verification_defense/roi_first/images/vf_42a4f8a1f5fe_roi_first.png,samples/0.010/vf_42a4f8a1f5fe/target_enroll/Hugo_Chavez_0051.jpg,0.47966246581077576,0.51401764,0.41916212,True,False,False,True,0.0018
vf_c241d9ece98e,roi_first,"{""morph_kernel"": 5}",samples/0.010/vf_c241d9ece98e/adversarial/Ariel_Sharon_Ariel_Sharon_0069_to_Colin_Powell_Colin_Powell_0179_facenet_eps0.010_a0.001_s20.jpg,outputs/verification_defense/roi_first/images/vf_c241d9ece98e_roi_first.png,samples/0.010/vf_c241d9ece98e/target_enroll/Colin_Powell_0179.jpg,0.47966246581077576,0.64413863,0.61258638,True,True,True,False,0.0017
vf_58246b8715b4,roi_first,"{""morph_kernel"": 5}",samples/0.010/vf_58246b8715b4/adversarial/George_W_Bush_George_W_Bush_0442_to_Tony_Blair_Tony_Blair_0088_facenet_eps0.010_a0.001_s20.jpg,outputs/verification_defense/roi_first/images/vf_58246b8715b4_roi_first.png,samples/0.010/vf_58246b8715b4/target_enroll/Tony_Blair_0088.jpg,0.47966246581077576,0.67302829,0.30226594,True,False,False,True,0.0018
vf_47f2fcecb685,roi_first,"{""morph_kernel"": 5}",samples/0.010/vf_47f2fcecb685/adversarial/George_W_Bush_George_W_Bush_0510_to_John_Ashcroft_John_Ashcroft_0006_facenet_eps0.010_a0.001_s20.jpg,outputs/verification_defense/roi_first/images/vf_47f2fcecb685_roi_first.png,samples/0.010/vf_47f2fcecb685/target_enroll/John_Ashcroft_0006.jpg,0.47966246581077576,0.65375811,-0.08345625,True,False,False,True,0.002
vf_5763c567fa7f,roi_first,"{""morph_kernel"": 5}",samples/0.010/vf_5763c567fa7f/adversarial/Hugo_Chavez_Hugo_Chavez_0046_to_Junichiro_Koizumi_Junichiro_Koizumi_0040_facenet_eps0.010_a0.001_s20.jpg,outputs/verification_defense/roi_first/images/vf_5763c567fa7f_roi_first.png,samples/0.010/vf_5763c567fa7f/target_enroll/Junichiro_Koizumi_0040.jpg,0.47966246581077576,0.62133402,0.23919635,True,False,False,True,0.0021
vf_53041ab01867,roi_first,"{""morph_kernel"": 5}",samples/0.010/vf_53041ab01867/adversarial/John_Ashcroft_John_Ashcroft_0013_to_Tony_Blair_Tony_Blair_0088_facenet_eps0.010_a0.001_s20.jpg,outputs/verification_defense/roi_first/images/vf_53041ab01867_roi_first.png,samples/0.010/vf_53041ab01867/target_enroll/Tony_Blair_0088.jpg,0.47966246581077576,0.56838417,0.4331376,True,False,False,True,0.0019
vf_79a6a001672e,roi_first,"{""morph_kernel"": 5}",samples/0.010/vf_79a6a001672e/adversarial/Gerhard_Schroeder_Gerhard_Schroeder_0084_to_Hugo_Chavez_Hugo_Chavez_0032_facenet_eps0.010_a0.001_s20.jpg,outputs/verification_defense/roi_first/images/vf_79a6a001672e_roi_first.png,samples/0.010/vf_79a6a001672e/target_enroll/Hugo_Chavez_0032.jpg,0.47966246581077576,0.61619002,0.09790724,True,False,False,True,0.002
vf_5ac12474b323,roi_first,"{""morph_kernel"": 5}",samples/0.010/vf_5ac12474b323/adversarial/Colin_Powell_Colin_Powell_0077_to_George_W_Bush_George_W_Bush_0454_facenet_eps0.010_a0.001_s20.jpg,outputs/verification_defense/roi_first/images/vf_5ac12474b323_roi_first.png,samples/0.010/vf_5ac12474b323/target_enroll/George_W_Bush_0454.jpg,0.47966246581077576,0.56827426,0.22163039,True,False,False,True,0.0021
vf_6ebbe2b8ba39,roi_first,"{""morph_kernel"": 5}",samples/0.010/vf_6ebbe2b8ba39/adversarial/Gerhard_Schroeder_Gerhard_Schroeder_0063_to_George_W_Bush_George_W_Bush_0434_facenet_eps0.010_a0.001_s20.jpg,outputs/verification_defense/roi_first/images/vf_6ebbe2b8ba39_roi_first.png,samples/0.010/vf_6ebbe2b8ba39/target_enroll/George_W_Bush_0434.jpg,0.47966246581077576,0.58929801,0.18903877,True,False,False,True,0.0025
vf_41d07a4257d6,roi_first,"{""morph_kernel"": 5}",samples/0.010/vf_41d07a4257d6/adversarial/George_W_Bush_George_W_Bush_0099_to_Hugo_Chavez_Hugo_Chavez_0053_facenet_eps0.010_a0.001_s20.jpg,outputs/verification_defense/roi_first/images/vf_41d07a4257d6_roi_first.png,samples/0.010/vf_41d07a4257d6/target_enroll/Hugo_Chavez_0053.jpg,0.47966246581077576,0.52429014,0.23616193,True,False,False,True,0.0021
vf_d8af3b18e907,roi_first,"{""morph_kernel"": 5}",samples/0.010/vf_d8af3b18e907/adversarial/Donald_Rumsfeld_Donald_Rumsfeld_0061_to_Junichiro_Koizumi_Junichiro_Koizumi_0058_facenet_eps0.010_a0.001_s20.jpg,outputs/verification_defense/roi_first/images/vf_d8af3b18e907_roi_first.png,samples/0.010/vf_d8af3b18e907/target_enroll/Junichiro_Koizumi_0058.jpg,0.47966246581077576,0.46197733,0.32984886,False,False,False,False,0.0018
vf_d4a4df257b90,roi_first,"{""morph_kernel"": 5}",samples/0.010/vf_d4a4df257b90/adversarial/Colin_Powell_Colin_Powell_0050_to_John_Ashcroft_John_Ashcroft_0008_facenet_eps0.010_a0.001_s20.jpg,outputs/verification_defense/roi_first/images/vf_d4a4df257b90_roi_first.png,samples/0.010/vf_d4a4df257b90/target_enroll/John_Ashcroft_0008.jpg,0.47966246581077576,0.47845125,-0.14910439,False,False,False,False,0.002
vf_922f98628366,roi_first,"{""morph_kernel"": 5}",samples/0.010/vf_922f98628366/adversarial/John_Ashcroft_John_Ashcroft_0013_to_Jean_Chretien_Jean_Chretien_0040_facenet_eps0.010_a0.001_s20.jpg,outputs/verification_defense/roi_first/images/vf_922f98628366_roi_first.png,samples/0.010/vf_922f98628366/target_enroll/Jean_Chretien_0040.jpg,0.47966246581077576,0.42300171,0.43351394,False,False,False,False,0.0019
vf_45c024f9f2db,roi_first,"{""morph_kernel"": 5}",samples/0.010/vf_45c024f9f2db/adversarial/Donald_Rumsfeld_Donald_Rumsfeld_0091_to_John_Ashcroft_John_Ashcroft_0026_facenet_eps0.010_a0.001_s20.jpg,outputs/verification_defense/roi_first/images/vf_45c024f9f2db_roi_first.png,samples/0.010/vf_45c024f9f2db/target_enroll/John_Ashcroft_0026.jpg,0.47966246581077576,0.59601438,0.45197272,True,False,False,True,0.0021
vf_b67eae4dddb8,roi_first,"{""morph_kernel"": 5}",samples/0.010/vf_b67eae4dddb8/adversarial/Ariel_Sharon_Ariel_Sharon_0042_to_Donald_Rumsfeld_Donald_Rumsfeld_0006_facenet_eps0.010_a0.001_s20.jpg,outputs/verification_defense/roi_first/images/vf_b67eae4dddb8_roi_first.png,samples/0.010/vf_b67eae4dddb8/target_enroll/Donald_Rumsfeld_0006.jpg,0.47966246581077576,0.50815326,0.00844736,True,False,False,True,0.0018
vf_f4ee66182b4f,roi_first,"{""morph_kernel"": 5}",samples/0.010/vf_f4ee66182b4f/adversarial/Gerhard_Schroeder_Gerhard_Schroeder_0075_to_Hugo_Chavez_Hugo_Chavez_0046_facenet_eps0.010_a0.001_s20.jpg,outputs/verification_defense/roi_first/images/vf_f4ee66182b4f_roi_first.png,samples/0.010/vf_f4ee66182b4f/target_enroll/Hugo_Chavez_0046.jpg,0.47966246581077576,0.73281974,0.49727762,True,True,True,False,0.0018
vf_54c2d66704ac,roi_first,"{""morph_kernel"": 5}",samples/0.010/vf_54c2d66704ac/adversarial/Ariel_Sharon_Ariel_Sharon_0059_to_Donald_Rumsfeld_Donald_Rumsfeld_0091_facenet_eps0.010_a0.001_s20.jpg,outputs/verification_defense/roi_first/images/vf_54c2d66704ac_roi_first.png,samples/0.010/vf_54c2d66704ac/target_enroll/Donald_Rumsfeld_0091.jpg,0.47966246581077576,0.4710516,0.37473556,False,False,False,False,0.0019
vf_4e7e4e82c77e,roi_first,"{""morph_kernel"": 5}",samples/0.010/vf_4e7e4e82c77e/adversarial/John_Ashcroft_John_Ashcroft_0018_to_Junichiro_Koizumi_Junichiro_Koizumi_0058_facenet_eps0.010_a0.001_s20.jpg,outputs/verification_defense/roi_first/images/vf_4e7e4e82c77e_roi_first.png,samples/0.010/vf_4e7e4e82c77e/target_enroll/Junichiro_Koizumi_0058.jpg,0.47966246581077576,0.38553023,0.00239774,False,False,False,False,0.002
vf_d10f9693dc4f,roi_first,"{""morph_kernel"": 5}",samples/0.010/vf_d10f9693dc4f/adversarial/John_Ashcroft_John_Ashcroft_0008_to_Hugo_Chavez_Hugo_Chavez_0008_facenet_eps0.010_a0.001_s20.jpg,outputs/verification_defense/roi_first/images/vf_d10f9693dc4f_roi_first.png,samples/0.010/vf_d10f9693dc4f/target_enroll/Hugo_Chavez_0008.jpg,0.47966246581077576,0.73116088,-0.03823686,True,False,False,True,0.0021
vf_55533266ecd5,roi_first,"{""morph_kernel"": 5}",samples/0.010/vf_55533266ecd5/adversarial/Colin_Powell_Colin_Powell_0185_to_Gerhard_Schroeder_Gerhard_Schroeder_0084_facenet_eps0.010_a0.001_s20.jpg,outputs/verification_defense/roi_first/images/vf_55533266ecd5_roi_first.png,samples/0.010/vf_55533266ecd5/target_enroll/Gerhard_Schroeder_0084.jpg,0.47966246581077576,0.69456941,0.52369368,True,True,True,False,0.002
vf_5cd9fd7e47e8,roi_first,"{""morph_kernel"": 5}",samples/0.010/vf_5cd9fd7e47e8/adversarial/Gerhard_Schroeder_Gerhard_Schroeder_0024_to_John_Ashcroft_John_Ashcroft_0006_facenet_eps0.010_a0.001_s20.jpg,outputs/verification_defense/roi_first/images/vf_5cd9fd7e47e8_roi_first.png,samples/0.010/vf_5cd9fd7e47e8/target_enroll/John_Ashcroft_0006.jpg,0.47966246581077576,0.59839737,-0.01726635,True,False,False,True,0.0019
vf_ec206adff666,roi_first,"{""morph_kernel"": 5}",samples/0.010/vf_ec206adff666/adversarial/George_W_Bush_George_W_Bush_0414_to_Donald_Rumsfeld_Donald_Rumsfeld_0038_facenet_eps0.010_a0.001_s20.jpg,outputs/verification_defense/roi_first/images/vf_ec206adff666_roi_first.png,samples/0.010/vf_ec206adff666/target_enroll/Donald_Rumsfeld_0038.jpg,0.47966246581077576,0.67741048,0.4834021,True,True,True,False,0.002
vf_bbeaebe04885,roi_first,"{""morph_kernel"": 5}",samples/0.010/vf_bbeaebe04885/adversarial/John_Ashcroft_John_Ashcroft_0030_to_Tony_Blair_Tony_Blair_0104_facenet_eps0.010_a0.001_s20.jpg,outputs/verification_defense/roi_first/images/vf_bbeaebe04885_roi_first.png,samples/0.010/vf_bbeaebe04885/target_enroll/Tony_Blair_0104.jpg,0.47966246581077576,0.76400495,-0.05560451,True,False,False,True,0.0022
vf_7652d6a8e675,roi_first,"{""morph_kernel"": 5}",samples/0.010/vf_7652d6a8e675/adversarial/Jean_Chretien_Jean_Chretien_0044_to_Donald_Rumsfeld_Donald_Rumsfeld_0017_facenet_eps0.010_a0.001_s20.jpg,outputs/verification_defense/roi_first/images/vf_7652d6a8e675_roi_first.png,samples/0.010/vf_7652d6a8e675/target_enroll/Donald_Rumsfeld_0017.jpg,0.47966246581077576,0.51003885,0.18024945,True,False,False,True,0.0019
vf_f6bada306d92,roi_first,"{""morph_kernel"": 5}",samples/0.010/vf_f6bada306d92/adversarial/Jean_Chretien_Jean_Chretien_0007_to_Tony_Blair_Tony_Blair_0066_facenet_eps0.010_a0.001_s20.jpg,outputs/verification_defense/roi_first/images/vf_f6bada306d92_roi_first.png,samples/0.010/vf_f6bada306d92/target_enroll/Tony_Blair_0066.jpg,0.47966246581077576,0.49414748,0.20268422,True,False,False,True,0.002
vf_53873bf16646,roi_first,"{""morph_kernel"": 5}",samples/0.010/vf_53873bf16646/adversarial/Tony_Blair_Tony_Blair_0043_to_Colin_Powell_Colin_Powell_0130_facenet_eps0.010_a0.001_s20.jpg,outputs/verification_defense/roi_first/images/vf_53873bf16646_roi_first.png,samples/0.010/vf_53873bf16646/target_enroll/Colin_Powell_0130.jpg,0.47966246581077576,0.78419292,0.6761927,True,True,True,False,0.0021
vf_5a83e8acf964,roi_first,"{""morph_kernel"": 5}",samples/0.010/vf_5a83e8acf964/adversarial/John_Ashcroft_John_Ashcroft_0013_to_Colin_Powell_Colin_Powell_0108_facenet_eps0.010_a0.001_s20.jpg,outputs/verification_defense/roi_first/images/vf_5a83e8acf964_roi_first.png,samples/0.010/vf_5a83e8acf964/target_enroll/Colin_Powell_0108.jpg,0.47966246581077576,0.44419223,0.48984376,False,True,True,False,0.0017
vf_05ba8a308d75,roi_first,"{""morph_kernel"": 5}",samples/0.010/vf_05ba8a308d75/adversarial/Jean_Chretien_Jean_Chretien_0036_to_Ariel_Sharon_Ariel_Sharon_0042_facenet_eps0.010_a0.001_s20.jpg,outputs/verification_defense/roi_first/images/vf_05ba8a308d75_roi_first.png,samples/0.010/vf_05ba8a308d75/target_enroll/Ariel_Sharon_0042.jpg,0.47966246581077576,0.73503917,0.34036493,True,False,False,True,0.0019
vf_b4ebef03d306,roi_first,"{""morph_kernel"": 5}",samples/0.010/vf_b4ebef03d306/adversarial/Donald_Rumsfeld_Donald_Rumsfeld_0007_to_George_W_Bush_George_W_Bush_0339_facenet_eps0.010_a0.001_s20.jpg,outputs/verification_defense/roi_first/images/vf_b4ebef03d306_roi_first.png,samples/0.010/vf_b4ebef03d306/target_enroll/George_W_Bush_0339.jpg,0.47966246581077576,0.73903334,0.58588576,True,True,True,False,0.0018
vf_e220046b18ce,roi_first,"{""morph_kernel"": 5}",samples/0.010/vf_e220046b18ce/adversarial/Donald_Rumsfeld_Donald_Rumsfeld_0097_to_Gerhard_Schroeder_Gerhard_Schroeder_0006_facenet_eps0.010_a0.001_s20.jpg,outputs/verification_defense/roi_first/images/vf_e220046b18ce_roi_first.png,samples/0.010/vf_e220046b18ce/target_enroll/Gerhard_Schroeder_0006.jpg,0.47966246581077576,0.56719261,0.33889616,True,False,False,True,0.0022
vf_6e30a0127ed0,roi_first,"{""morph_kernel"": 5}",samples/0.010/vf_6e30a0127ed0/adversarial/Ariel_Sharon_Ariel_Sharon_0042_to_Gerhard_Schroeder_Gerhard_Schroeder_0036_facenet_eps0.010_a0.001_s20.jpg,outputs/verification_defense/roi_first/images/vf_6e30a0127ed0_roi_first.png,samples/0.010/vf_6e30a0127ed0/target_enroll/Gerhard_Schroeder_0036.jpg,0.47966246581077576,0.42853504,-0.02179116,False,False,False,False,0.0019
vf_a979d26e1a66,roi_first,"{""morph_kernel"": 5}",samples/0.010/vf_a979d26e1a66/adversarial/Jean_Chretien_Jean_Chretien_0021_to_Tony_Blair_Tony_Blair_0020_facenet_eps0.010_a0.001_s20.jpg,outputs/verification_defense/roi_first/images/vf_a979d26e1a66_roi_first.png,samples/0.010/vf_a979d26e1a66/target_enroll/Tony_Blair_0020.jpg,0.47966246581077576,0.37494484,0.33576059,False,False,False,False,0.0017
vf_2bdece140a8f,roi_first,"{""morph_kernel"": 5}",samples/0.010/vf_2bdece140a8f/adversarial/Tony_Blair_Tony_Blair_0007_to_Junichiro_Koizumi_Junichiro_Koizumi_0049_facenet_eps0.010_a0.001_s20.jpg,outputs/verification_defense/roi_first/images/vf_2bdece140a8f_roi_first.png,samples/0.010/vf_2bdece140a8f/target_enroll/Junichiro_Koizumi_0049.jpg,0.47966246581077576,0.66562909,0.53274548,True,True,True,False,0.0017
vf_3ea6819ccdfe,roi_first,"{""morph_kernel"": 5}",samples/0.010/vf_3ea6819ccdfe/adversarial/Jean_Chretien_Jean_Chretien_0031_to_Hugo_Chavez_Hugo_Chavez_0044_facenet_eps0.010_a0.001_s20.jpg,outputs/verification_defense/roi_first/images/vf_3ea6819ccdfe_roi_first.png,samples/0.010/vf_3ea6819ccdfe/target_enroll/Hugo_Chavez_0044.jpg,0.47966246581077576,0.56291711,0.23026502,True,False,False,True,0.0018
vf_ec311dd6967c,roi_first,"{""morph_kernel"": 5}",samples/0.010/vf_ec311dd6967c/adversarial/Donald_Rumsfeld_Donald_Rumsfeld_0017_to_Jean_Chretien_Jean_Chretien_0007_facenet_eps0.010_a0.001_s20.jpg,outputs/verification_defense/roi_first/images/vf_ec311dd6967c_roi_first.png,samples/0.010/vf_ec311dd6967c/target_enroll/Jean_Chretien_0007.jpg,0.47966246581077576,0.6745736,0.578049,True,True,True,False,0.0018
vf_e7897ae417d0,roi_first,"{""morph_kernel"": 5}",samples/0.010/vf_e7897ae417d0/adversarial/Gerhard_Schroeder_Gerhard_Schroeder_0056_to_Ariel_Sharon_Ariel_Sharon_0045_facenet_eps0.010_a0.001_s20.jpg,outputs/verification_defense/roi_first/images/vf_e7897ae417d0_roi_first.png,samples/0.010/vf_e7897ae417d0/target_enroll/Ariel_Sharon_0045.jpg,0.47966246581077576,0.45378464,0.29965195,False,False,False,False,0.0018
vf_44fcd2d6e120,roi_first,"{""morph_kernel"": 5}",samples/0.010/vf_44fcd2d6e120/adversarial/John_Ashcroft_John_Ashcroft_0006_to_George_W_Bush_George_W_Bush_0374_facenet_eps0.010_a0.001_s20.jpg,outputs/verification_defense/roi_first/images/vf_44fcd2d6e120_roi_first.png,samples/0.010/vf_44fcd2d6e120/target_enroll/George_W_Bush_0374.jpg,0.47966246581077576,0.69437557,0.13513497,True,False,False,True,0.0018
vf_369a060108c8,roi_first,"{""morph_kernel"": 5}",samples/0.010/vf_369a060108c8/adversarial/Tony_Blair_Tony_Blair_0120_to_George_W_Bush_George_W_Bush_0041_facenet_eps0.010_a0.001_s20.jpg,outputs/verification_defense/roi_first/images/vf_369a060108c8_roi_first.png,samples/0.010/vf_369a060108c8/target_enroll/George_W_Bush_0041.jpg,0.47966246581077576,0.57746184,0.1316677,True,False,False,True,0.0019
vf_e4724842b3b3,roi_first,"{""morph_kernel"": 5}",samples/0.010/vf_e4724842b3b3/adversarial/John_Ashcroft_John_Ashcroft_0030_to_Ariel_Sharon_Ariel_Sharon_0049_facenet_eps0.010_a0.001_s20.jpg,outputs/verification_defense/roi_first/images/vf_e4724842b3b3_roi_first.png,samples/0.010/vf_e4724842b3b3/target_enroll/Ariel_Sharon_0049.jpg,0.47966246581077576,0.60832047,0.08649799,True,False,False,True,0.0019
vf_018e3df2e135,roi_first,"{""morph_kernel"": 5}",samples/0.010/vf_018e3df2e135/adversarial/George_W_Bush_George_W_Bush_0064_to_Tony_Blair_Tony_Blair_0077_facenet_eps0.010_a0.001_s20.jpg,outputs/verification_defense/roi_first/images/vf_018e3df2e135_roi_first.png,samples/0.010/vf_018e3df2e135/target_enroll/Tony_Blair_0077.jpg,0.47966246581077576,0.65958399,0.49503642,True,True,True,False,0.002
vf_7b46e66fb249,roi_first,"{""morph_kernel"": 5}",samples/0.010/vf_7b46e66fb249/adversarial/George_W_Bush_George_W_Bush_0444_to_Donald_Rumsfeld_Donald_Rumsfeld_0069_facenet_eps0.010_a0.001_s20.jpg,outputs/verification_defense/roi_first/images/vf_7b46e66fb249_roi_first.png,samples/0.010/vf_7b46e66fb249/target_enroll/Donald_Rumsfeld_0069.jpg,0.47966246581077576,0.73266679,0.52855533,True,True,True,False,0.0019
vf_a034b22c4586,roi_first,"{""morph_kernel"": 5}",samples/0.010/vf_a034b22c4586/adversarial/Tony_Blair_Tony_Blair_0104_to_Colin_Powell_Colin_Powell_0032_facenet_eps0.010_a0.001_s20.jpg,outputs/verification_defense/roi_first/images/vf_a034b22c4586_roi_first.png,samples/0.010/vf_a034b22c4586/target_enroll/Colin_Powell_0032.jpg,0.47966246581077576,0.82533801,0.61444324,True,True,True,False,0.0017
vf_10244b48ba4d,roi_first,"{""morph_kernel"": 5}",samples/0.010/vf_10244b48ba4d/adversarial/John_Ashcroft_John_Ashcroft_0043_to_Donald_Rumsfeld_Donald_Rumsfeld_0082_facenet_eps0.010_a0.001_s20.jpg,outputs/verification_defense/roi_first/images/vf_10244b48ba4d_roi_first.png,samples/0.010/vf_10244b48ba4d/target_enroll/Donald_Rumsfeld_0082.jpg,0.47966246581077576,0.36965066,0.18897073,False,False,False,False,0.0018
vf_d12e13d84c24,roi_first,"{""morph_kernel"": 5}",samples/0.010/vf_d12e13d84c24/adversarial/Donald_Rumsfeld_Donald_Rumsfeld_0082_to_Gerhard_Schroeder_Gerhard_Schroeder_0098_facenet_eps0.010_a0.001_s20.jpg,outputs/verification_defense/roi_first/images/vf_d12e13d84c24_roi_first.png,samples/0.010/vf_d12e13d84c24/target_enroll/Gerhard_Schroeder_0098.jpg,0.47966246581077576,0.65506887,0.33128595,True,False,False,True,0.0017
vf_189241d1fe52,roi_first,"{""morph_kernel"": 5}",samples/0.010/vf_189241d1fe52/adversarial/Junichiro_Koizumi_Junichiro_Koizumi_0050_to_Colin_Powell_Colin_Powell_0170_facenet_eps0.010_a0.001_s20.jpg,outputs/verification_defense/roi_first/images/vf_189241d1fe52_roi_first.png,samples/0.010/vf_189241d1fe52/target_enroll/Colin_Powell_0170.jpg,0.47966246581077576,0.37350142,0.36544973,False,False,False,False,0.0017
vf_5eefde1bcecb,roi_first,"{""morph_kernel"": 5}",samples/0.010/vf_5eefde1bcecb/adversarial/Jean_Chretien_Jean_Chretien_0044_to_Gerhard_Schroeder_Gerhard_Schroeder_0067_facenet_eps0.010_a0.001_s20.jpg,outputs/verification_defense/roi_first/images/vf_5eefde1bcecb_roi_first.png,samples/0.010/vf_5eefde1bcecb/target_enroll/Gerhard_Schroeder_0067.jpg,0.47966246581077576,0.39909858,0.07337233,False,False,False,False,0.0021
vf_c563ee357bd2,roi_first,"{""morph_kernel"": 5}",samples/0.010/vf_c563ee357bd2/adversarial/George_W_Bush_George_W_Bush_0033_to_Ariel_Sharon_Ariel_Sharon_0049_facenet_eps0.010_a0.001_s20.jpg,outputs/verification_defense/roi_first/images/vf_c563ee357bd2_roi_first.png,samples/0.010/vf_c563ee357bd2/target_enroll/Ariel_Sharon_0049.jpg,0.47966246581077576,0.51734263,0.23951092,True,False,False,True,0.0019
vf_695ced84ba67,roi_first,"{""morph_kernel"": 5}",samples/0.010/vf_695ced84ba67/adversarial/Colin_Powell_Colin_Powell_0179_to_Tony_Blair_Tony_Blair_0027_facenet_eps0.010_a0.001_s20.jpg,outputs/verification_defense/roi_first/images/vf_695ced84ba67_roi_first.png,samples/0.010/vf_695ced84ba67/target_enroll/Tony_Blair_0027.jpg,0.47966246581077576,0.68722934,0.37986562,True,False,False,True,0.0043
vf_fe96e4dc637f,roi_first,"{""morph_kernel"": 5}",samples/0.010/vf_fe96e4dc637f/adversarial/John_Ashcroft_John_Ashcroft_0008_to_Gerhard_Schroeder_Gerhard_Schroeder_0023_facenet_eps0.010_a0.001_s20.jpg,outputs/verification_defense/roi_first/images/vf_fe96e4dc637f_roi_first.png,samples/0.010/vf_fe96e4dc637f/target_enroll/Gerhard_Schroeder_0023.jpg,0.47966246581077576,0.64093357,-0.1361572,True,False,False,True,0.0017
vf_a067ba70aba2,roi_first,"{""morph_kernel"": 5}",samples/0.010/vf_a067ba70aba2/adversarial/Ariel_Sharon_Ariel_Sharon_0045_to_George_W_Bush_George_W_Bush_0217_facenet_eps0.010_a0.001_s20.jpg,outputs/verification_defense/roi_first/images/vf_a067ba70aba2_roi_first.png,samples/0.010/vf_a067ba70aba2/target_enroll/George_W_Bush_0217.jpg,0.47966246581077576,0.3681502,0.30693889,False,False,False,False,0.0019
vf_c99f6339f4b2,roi_first,"{""morph_kernel"": 5}",samples/0.010/vf_c99f6339f4b2/adversarial/Gerhard_Schroeder_Gerhard_Schroeder_0061_to_Hugo_Chavez_Hugo_Chavez_0019_facenet_eps0.010_a0.001_s20.jpg,outputs/verification_defense/roi_first/images/vf_c99f6339f4b2_roi_first.png,samples/0.010/vf_c99f6339f4b2/target_enroll/Hugo_Chavez_0019.jpg,0.47966246581077576,0.75582576,0.47149453,True,False,False,True,0.0019
vf_8adc8a6b5049,roi_first,"{""morph_kernel"": 5}",samples/0.010/vf_8adc8a6b5049/adversarial/Junichiro_Koizumi_Junichiro_Koizumi_0049_to_Hugo_Chavez_Hugo_Chavez_0051_facenet_eps0.010_a0.001_s20.jpg,outputs/verification_defense/roi_first/images/vf_8adc8a6b5049_roi_first.png,samples/0.010/vf_8adc8a6b5049/target_enroll/Hugo_Chavez_0051.jpg,0.47966246581077576,0.64851952,0.41311181,True,False,False,True,0.0018
vf_f00d3e666fd4,roi_first,"{""morph_kernel"": 5}",samples/0.010/vf_f00d3e666fd4/adversarial/Colin_Powell_Colin_Powell_0098_to_Junichiro_Koizumi_Junichiro_Koizumi_0043_facenet_eps0.010_a0.001_s20.jpg,outputs/verification_defense/roi_first/images/vf_f00d3e666fd4_roi_first.png,samples/0.010/vf_f00d3e666fd4/target_enroll/Junichiro_Koizumi_0043.jpg,0.47966246581077576,0.35518622,0.21262538,False,False,False,False,0.002
vf_1c39a9c85e88,roi_first,"{""morph_kernel"": 5}",samples/0.010/vf_1c39a9c85e88/adversarial/Tony_Blair_Tony_Blair_0063_to_John_Ashcroft_John_Ashcroft_0013_facenet_eps0.010_a0.001_s20.jpg,outputs/verification_defense/roi_first/images/vf_1c39a9c85e88_roi_first.png,samples/0.010/vf_1c39a9c85e88/target_enroll/John_Ashcroft_0013.jpg,0.47966246581077576,0.68728435,0.45537847,True,False,False,True,0.0018
vf_f81d7e10cf7e,roi_first,"{""morph_kernel"": 5}",samples/0.010/vf_f81d7e10cf7e/adversarial/Junichiro_Koizumi_Junichiro_Koizumi_0009_to_Colin_Powell_Colin_Powell_0223_facenet_eps0.010_a0.001_s20.jpg,outputs/verification_defense/roi_first/images/vf_f81d7e10cf7e_roi_first.png,samples/0.010/vf_f81d7e10cf7e/target_enroll/Colin_Powell_0223.jpg,0.47966246581077576,0.54272401,0.26081461,True,False,False,True,0.0018
vf_ed0789be4f11,roi_first,"{""morph_kernel"": 5}",samples/0.010/vf_ed0789be4f11/adversarial/John_Ashcroft_John_Ashcroft_0030_to_Gerhard_Schroeder_Gerhard_Schroeder_0024_facenet_eps0.010_a0.001_s20.jpg,outputs/verification_defense/roi_first/images/vf_ed0789be4f11_roi_first.png,samples/0.010/vf_ed0789be4f11/target_enroll/Gerhard_Schroeder_0024.jpg,0.47966246581077576,0.54841822,0.20765854,True,False,False,True,0.002
vf_ab989c444985,roi_first,"{""morph_kernel"": 5}",samples/0.010/vf_ab989c444985/adversarial/Tony_Blair_Tony_Blair_0120_to_John_Ashcroft_John_Ashcroft_0043_facenet_eps0.010_a0.001_s20.jpg,outputs/verification_defense/roi_first/images/vf_ab989c444985_roi_first.png,samples/0.010/vf_ab989c444985/target_enroll/John_Ashcroft_0043.jpg,0.47966246581077576,0.70715392,-0.15319812,True,False,False,True,0.002
vf_d78ccb964c5d,roi_first,"{""morph_kernel"": 5}",samples/0.010/vf_d78ccb964c5d/adversarial/Hugo_Chavez_Hugo_Chavez_0046_to_Colin_Powell_Colin_Powell_0212_facenet_eps0.010_a0.001_s20.jpg,outputs/verification_defense/roi_first/images/vf_d78ccb964c5d_roi_first.png,samples/0.010/vf_d78ccb964c5d/target_enroll/Colin_Powell_0212.jpg,0.47966246581077576,0.60361546,0.44374692,True,False,False,True,0.0021
vf_005a59c31dd2,roi_first,"{""morph_kernel"": 5}",samples/0.010/vf_005a59c31dd2/adversarial/Colin_Powell_Colin_Powell_0105_to_Jean_Chretien_Jean_Chretien_0044_facenet_eps0.010_a0.001_s20.jpg,outputs/verification_defense/roi_first/images/vf_005a59c31dd2_roi_first.png,samples/0.010/vf_005a59c31dd2/target_enroll/Jean_Chretien_0044.jpg,0.47966246581077576,0.43157098,0.13471051,False,False,False,False,0.0018
vf_0a3f1a68dcb2,roi_first,"{""morph_kernel"": 5}",samples/0.010/vf_0a3f1a68dcb2/adversarial/Gerhard_Schroeder_Gerhard_Schroeder_0098_to_Jean_Chretien_Jean_Chretien_0015_facenet_eps0.010_a0.001_s20.jpg,outputs/verification_defense/roi_first/images/vf_0a3f1a68dcb2_roi_first.png,samples/0.010/vf_0a3f1a68dcb2/target_enroll/Jean_Chretien_0015.jpg,0.47966246581077576,0.64810842,0.65704042,True,True,True,False,0.002
vf_d5c09a946d99,roi_first,"{""morph_kernel"": 5}",samples/0.010/vf_d5c09a946d99/adversarial/Jean_Chretien_Jean_Chretien_0050_to_Junichiro_Koizumi_Junichiro_Koizumi_0043_facenet_eps0.010_a0.001_s20.jpg,outputs/verification_defense/roi_first/images/vf_d5c09a946d99_roi_first.png,samples/0.010/vf_d5c09a946d99/target_enroll/Junichiro_Koizumi_0043.jpg,0.47966246581077576,0.5710457,0.37965515,True,False,False,True,0.0019
vf_df4a6b5a2944,roi_first,"{""morph_kernel"": 5}",samples/0.010/vf_df4a6b5a2944/adversarial/Jean_Chretien_Jean_Chretien_0044_to_John_Ashcroft_John_Ashcroft_0013_facenet_eps0.010_a0.001_s20.jpg,outputs/verification_defense/roi_first/images/vf_df4a6b5a2944_roi_first.png,samples/0.010/vf_df4a6b5a2944/target_enroll/John_Ashcroft_0013.jpg,0.47966246581077576,0.51019263,0.18631124,True,False,False,True,0.0019
vf_55221d8a3d2e,roi_first,"{""morph_kernel"": 5}",samples/0.010/vf_55221d8a3d2e/adversarial/Jean_Chretien_Jean_Chretien_0002_to_Gerhard_Schroeder_Gerhard_Schroeder_0024_facenet_eps0.010_a0.001_s20.jpg,outputs/verification_defense/roi_first/images/vf_55221d8a3d2e_roi_first.png,samples/0.010/vf_55221d8a3d2e/target_enroll/Gerhard_Schroeder_0024.jpg,0.47966246581077576,0.50362885,0.33401209,True,False,False,True,0.0018
vf_28b6df51a2aa,roi_first,"{""morph_kernel"": 5}",samples/0.010/vf_28b6df51a2aa/adversarial/George_W_Bush_George_W_Bush_0111_to_Gerhard_Schroeder_Gerhard_Schroeder_0024_facenet_eps0.010_a0.001_s20.jpg,outputs/verification_defense/roi_first/images/vf_28b6df51a2aa_roi_first.png,samples/0.010/vf_28b6df51a2aa/target_enroll/Gerhard_Schroeder_0024.jpg,0.47966246581077576,0.79111671,0.56760848,True,True,True,False,0.002
vf_ae41a277e9a0,roi_first,"{""morph_kernel"": 5}",samples/0.010/vf_ae41a277e9a0/adversarial/Junichiro_Koizumi_Junichiro_Koizumi_0040_to_Colin_Powell_Colin_Powell_0001_facenet_eps0.010_a0.001_s20.jpg,outputs/verification_defense/roi_first/images/vf_ae41a277e9a0_roi_first.png,samples/0.010/vf_ae41a277e9a0/target_enroll/Colin_Powell_0001.jpg,0.47966246581077576,0.49264327,0.55978143,True,True,True,False,0.002
vf_dbdb717f5df6,roi_first,"{""morph_kernel"": 5}",samples/0.010/vf_dbdb717f5df6/adversarial/George_W_Bush_George_W_Bush_0175_to_Gerhard_Schroeder_Gerhard_Schroeder_0075_facenet_eps0.010_a0.001_s20.jpg,outputs/verification_defense/roi_first/images/vf_dbdb717f5df6_roi_first.png,samples/0.010/vf_dbdb717f5df6/target_enroll/Gerhard_Schroeder_0075.jpg,0.47966246581077576,0.65513808,0.47739351,True,False,False,True,0.0018
vf_d5f84f559f80,roi_first,"{""morph_kernel"": 5}",samples/0.010/vf_d5f84f559f80/adversarial/Hugo_Chavez_Hugo_Chavez_0053_to_Colin_Powell_Colin_Powell_0212_facenet_eps0.010_a0.001_s20.jpg,outputs/verification_defense/roi_first/images/vf_d5f84f559f80_roi_first.png,samples/0.010/vf_d5f84f559f80/target_enroll/Colin_Powell_0212.jpg,0.47966246581077576,0.60476285,0.29728088,True,False,False,True,0.0019
vf_a732bd6e8c7c,roi_first,"{""morph_kernel"": 5}",samples/0.010/vf_a732bd6e8c7c/adversarial/Donald_Rumsfeld_Donald_Rumsfeld_0119_to_Tony_Blair_Tony_Blair_0063_facenet_eps0.010_a0.001_s20.jpg,outputs/verification_defense/roi_first/images/vf_a732bd6e8c7c_roi_first.png,samples/0.010/vf_a732bd6e8c7c/target_enroll/Tony_Blair_0063.jpg,0.47966246581077576,0.64980322,0.46263558,True,False,False,True,0.0017
vf_543c2289bc82,roi_first,"{""morph_kernel"": 5}",samples/0.010/vf_543c2289bc82/adversarial/George_W_Bush_George_W_Bush_0239_to_Jean_Chretien_Jean_Chretien_0031_facenet_eps0.010_a0.001_s20.jpg,outputs/verification_defense/roi_first/images/vf_543c2289bc82_roi_first.png,samples/0.010/vf_543c2289bc82/target_enroll/Jean_Chretien_0031.jpg,0.47966246581077576,0.63414782,0.39028999,True,False,False,True,0.002
vf_1da9500923a0,roi_first,"{""morph_kernel"": 5}",samples/0.010/vf_1da9500923a0/adversarial/John_Ashcroft_John_Ashcroft_0018_to_Hugo_Chavez_Hugo_Chavez_0056_facenet_eps0.010_a0.001_s20.jpg,outputs/verification_defense/roi_first/images/vf_1da9500923a0_roi_first.png,samples/0.010/vf_1da9500923a0/target_enroll/Hugo_Chavez_0056.jpg,0.47966246581077576,0.53175527,0.43816662,True,False,False,True,0.0018
vf_e22515667bcb,roi_first,"{""morph_kernel"": 5}",samples/0.010/vf_e22515667bcb/adversarial/Hugo_Chavez_Hugo_Chavez_0044_to_Gerhard_Schroeder_Gerhard_Schroeder_0023_facenet_eps0.010_a0.001_s20.jpg,outputs/verification_defense/roi_first/images/vf_e22515667bcb_roi_first.png,samples/0.010/vf_e22515667bcb/target_enroll/Gerhard_Schroeder_0023.jpg,0.47966246581077576,0.54738182,0.2388711,True,False,False,True,0.0019
vf_4a34c041687a,roi_first,"{""morph_kernel"": 5}",samples/0.010/vf_4a34c041687a/adversarial/Jean_Chretien_Jean_Chretien_0050_to_George_W_Bush_George_W_Bush_0302_facenet_eps0.010_a0.001_s20.jpg,outputs/verification_defense/roi_first/images/vf_4a34c041687a_roi_first.png,samples/0.010/vf_4a34c041687a/target_enroll/George_W_Bush_0302.jpg,0.47966246581077576,0.48719561,0.31391853,True,False,False,True,0.0018
vf_b6ab7e6f8ead,roi_first,"{""morph_kernel"": 5}",samples/0.010/vf_b6ab7e6f8ead/adversarial/George_W_Bush_George_W_Bush_0413_to_Junichiro_Koizumi_Junichiro_Koizumi_0040_facenet_eps0.010_a0.001_s20.jpg,outputs/verification_defense/roi_first/images/vf_b6ab7e6f8ead_roi_first.png,samples/0.010/vf_b6ab7e6f8ead/target_enroll/Junichiro_Koizumi_0040.jpg,0.47966246581077576,0.53262955,0.43454736,True,False,False,True,0.0021
vf_a96c278b9663,roi_first,"{""morph_kernel"": 5}",samples/0.010/vf_a96c278b9663/adversarial/Jean_Chretien_Jean_Chretien_0040_to_Hugo_Chavez_Hugo_Chavez_0038_facenet_eps0.010_a0.001_s20.jpg,outputs/verification_defense/roi_first/images/vf_a96c278b9663_roi_first.png,samples/0.010/vf_a96c278b9663/target_enroll/Hugo_Chavez_0038.jpg,0.47966246581077576,0.62790024,0.52212971,True,True,True,False,0.0019
vf_a8d0dc97dd40,roi_first,"{""morph_kernel"": 5}",samples/0.010/vf_a8d0dc97dd40/adversarial/Donald_Rumsfeld_Donald_Rumsfeld_0036_to_Jean_Chretien_Jean_Chretien_0031_facenet_eps0.010_a0.001_s20.jpg,outputs/verification_defense/roi_first/images/vf_a8d0dc97dd40_roi_first.png,samples/0.010/vf_a8d0dc97dd40/target_enroll/Jean_Chretien_0031.jpg,0.47966246581077576,0.8707397,0.69210505,True,True,True,False,0.002
vf_d5f53c32936c,roi_first,"{""morph_kernel"": 5}",samples/0.010/vf_d5f53c32936c/adversarial/George_W_Bush_George_W_Bush_0024_to_Hugo_Chavez_Hugo_Chavez_0032_facenet_eps0.010_a0.001_s20.jpg,outputs/verification_defense/roi_first/images/vf_d5f53c32936c_roi_first.png,samples/0.010/vf_d5f53c32936c/target_enroll/Hugo_Chavez_0032.jpg,0.47966246581077576,0.59837377,0.52595764,True,True,True,False,0.0019
vf_23dba30d5fa4,roi_first,"{""morph_kernel"": 5}",samples/0.010/vf_23dba30d5fa4/adversarial/John_Ashcroft_John_Ashcroft_0018_to_George_W_Bush_George_W_Bush_0374_facenet_eps0.010_a0.001_s20.jpg,outputs/verification_defense/roi_first/images/vf_23dba30d5fa4_roi_first.png,samples/0.010/vf_23dba30d5fa4/target_enroll/George_W_Bush_0374.jpg,0.47966246581077576,0.72498983,0.34613276,True,False,False,True,0.0017
vf_f8cbca7fab7c,roi_first,"{""morph_kernel"": 5}",samples/0.010/vf_f8cbca7fab7c/adversarial/Donald_Rumsfeld_Donald_Rumsfeld_0006_to_Ariel_Sharon_Ariel_Sharon_0045_facenet_eps0.010_a0.001_s20.jpg,outputs/verification_defense/roi_first/images/vf_f8cbca7fab7c_roi_first.png,samples/0.010/vf_f8cbca7fab7c/target_enroll/Ariel_Sharon_0045.jpg,0.47966246581077576,0.55340886,0.30326924,True,False,False,True,0.0019
vf_aa28d8c1c38b,roi_first,"{""morph_kernel"": 5}",samples/0.010/vf_aa28d8c1c38b/adversarial/Gerhard_Schroeder_Gerhard_Schroeder_0098_to_Hugo_Chavez_Hugo_Chavez_0051_facenet_eps0.010_a0.001_s20.jpg,outputs/verification_defense/roi_first/images/vf_aa28d8c1c38b_roi_first.png,samples/0.010/vf_aa28d8c1c38b/target_enroll/Hugo_Chavez_0051.jpg,0.47966246581077576,0.5675382,0.38961411,True,False,False,True,0.002
vf_04d0d58268c4,roi_first,"{""morph_kernel"": 5}",samples/0.010/vf_04d0d58268c4/adversarial/Junichiro_Koizumi_Junichiro_Koizumi_0017_to_Jean_Chretien_Jean_Chretien_0021_facenet_eps0.010_a0.001_s20.jpg,outputs/verification_defense/roi_first/images/vf_04d0d58268c4_roi_first.png,samples/0.010/vf_04d0d58268c4/target_enroll/Jean_Chretien_0021.jpg,0.47966246581077576,0.43169305,0.28544208,False,False,False,False,0.0018
