sample_id,defense,defense_params,threshold,similarity_after_attack,mean_similarity,embedding_std,is_static,reject_reason,accepted_after_attack,accepted_after_defense,attack_success_after_defense,defense_success,defense_time_sec
vf_ea54843f0264,temporal_consistency,"{""n_frames"": 10, ""static_thresh"": 0.015}",0.47966246581077576,0.4593991,0.41577045,0.00530003,True,static_image,False,False,False,False,1.47227
vf_7d3bb72dda48,temporal_consistency,"{""n_frames"": 10, ""static_thresh"": 0.015}",0.47966246581077576,0.52593017,0.49044859,0.00421351,True,static_image,True,False,False,True,0.768476
vf_b5633cd5a05d,temporal_consistency,"{""n_frames"": 10, ""static_thresh"": 0.015}",0.47966246581077576,0.69783604,0.60653728,0.00619347,True,static_image,True,False,False,True,0.744428
vf_4321f23cd7aa,temporal_consistency,"{""n_frames"": 10, ""static_thresh"": 0.015}",0.47966246581077576,0.46160468,0.40630729,0.00594101,True,static_image,False,False,False,False,0.860854
vf_de3be2e27d53,temporal_consistency,"{""n_frames"": 10, ""static_thresh"": 0.015}",0.47966246581077576,0.47983536,0.4145251,0.00488249,True,static_image,True,False,False,True,0.753311
vf_090fcb274067,temporal_consistency,"{""n_frames"": 10, ""static_thresh"": 0.015}",0.47966246581077576,0.50400639,0.45646269,0.00550027,True,static_image,True,False,False,True,0.743246
vf_72be6e8889a8,temporal_consistency,"{""n_frames"": 10, ""static_thresh"": 0.015}",0.47966246581077576,0.53382748,0.45521332,0.00592616,True,static_image,True,False,False,True,0.737088
vf_3229b831cddf,temporal_consistency,"{""n_frames"": 10, ""static_thresh"": 0.015}",0.47966246581077576,0.48770806,0.42649664,0.00560144,True,static_image,True,False,False,True,0.752855
vf_c5bf893fcfcd,temporal_consistency,"{""n_frames"": 10, ""static_thresh"": 0.015}",0.47966246581077576,0.47344941,0.40549811,0.00465926,True,static_image,False,False,False,False,0.76549
vf_c4edf24d3517,temporal_consistency,"{""n_frames"": 10, ""static_thresh"": 0.015}",0.47966246581077576,0.46921083,0.39661405,0.00491564,True,static_image,False,False,False,False,0.77678
vf_b2ec962e2326,temporal_consistency,"{""n_frames"": 10, ""static_thresh"": 0.015}",0.47966246581077576,0.44046399,0.37154841,0.00510303,True,static_image,False,False,False,False,0.825186
vf_cc42d41730d5,temporal_consistency,"{""n_frames"": 10, ""static_thresh"": 0.015}",0.47966246581077576,0.59594476,0.52514415,0.00531643,True,static_image,True,False,False,True,0.796735
vf_8b68c1bd8551,temporal_consistency,"{""n_frames"": 10, ""static_thresh"": 0.015}",0.47966246581077576,0.58052814,0.53473299,0.00569311,True,static_image,True,False,False,True,0.840121
vf_1580f37c8bca,temporal_consistency,"{""n_frames"": 10, ""static_thresh"": 0.015}",0.47966246581077576,0.56809038,0.51312971,0.0048528,True,static_image,True,False,False,True,0.853095
vf_5192e29fd3b4,temporal_consistency,"{""n_frames"": 10, ""static_thresh"": 0.015}",0.47966246581077576,0.49430415,0.40888142,0.00477646,True,static_image,True,False,False,True,0.94617
vf_256d41087135,temporal_consistency,"{""n_frames"": 10, ""static_thresh"": 0.015}",0.47966246581077576,0.47399145,0.40559605,0.00443721,True,static_image,False,False,False,False,0.798735
vf_75286422bc69,temporal_consistency,"{""n_frames"": 10, ""static_thresh"": 0.015}",0.47966246581077576,0.65036035,0.61958647,0.00496146,True,static_image,True,False,False,True,0.995901
vf_d0571873a360,temporal_consistency,"{""n_frames"": 10, ""static_thresh"": 0.015}",0.47966246581077576,0.64960194,0.59053646,0.00585291,True,static_image,True,False,False,True,0.936675
vf_d131f35b4897,temporal_consistency,"{""n_frames"": 10, ""static_thresh"": 0.015}",0.47966246581077576,0.59173751,0.56376168,0.00425529,True,static_image,True,False,False,True,1.000302
vf_527d834a90c9,temporal_consistency,"{""n_frames"": 10, ""static_thresh"": 0.015}",0.47966246581077576,0.54064083,0.45761441,0.00612886,True,static_image,True,False,False,True,0.803559
vf_b5a935500105,temporal_consistency,"{""n_frames"": 10, ""static_thresh"": 0.015}",0.47966246581077576,0.55387908,0.502389,0.00508215,True,static_image,True,False,False,True,0.889739
vf_de0f6061f493,temporal_consistency,"{""n_frames"": 10, ""static_thresh"": 0.015}",0.47966246581077576,0.49679407,0.44251327,0.00501242,True,static_image,True,False,False,True,0.897332
vf_6663921a6626,temporal_consistency,"{""n_frames"": 10, ""static_thresh"": 0.015}",0.47966246581077576,0.53202081,0.47785444,0.00392762,True,static_image,True,False,False,True,0.902639
vf_41c6973c03e0,temporal_consistency,"{""n_frames"": 10, ""static_thresh"": 0.015}",0.47966246581077576,0.48298448,0.4235742,0.00504428,True,static_image,True,False,False,True,0.84101
vf_9acfe905916e,temporal_consistency,"{""n_frames"": 10, ""static_thresh"": 0.015}",0.47966246581077576,0.52045453,0.46886539,0.00419065,True,static_image,True,False,False,True,0.904483
vf_2f6130d35090,temporal_consistency,"{""n_frames"": 10, ""static_thresh"": 0.015}",0.47966246581077576,0.57751894,0.5129456,0.00457077,True,static_image,True,False,False,True,0.889195
vf_03b510d57c63,temporal_consistency,"{""n_frames"": 10, ""static_thresh"": 0.015}",0.47966246581077576,0.6847592,0.63631979,0.00474964,True,static_image,True,False,False,True,0.946347
vf_46e08db5e071,temporal_consistency,"{""n_frames"": 10, ""static_thresh"": 0.015}",0.47966246581077576,0.51011944,0.46430431,0.00526866,True,static_image,True,False,False,True,0.767907
vf_f26efc3bb6c7,temporal_consistency,"{""n_frames"": 10, ""static_thresh"": 0.015}",0.47966246581077576,0.55842996,0.52461071,0.00379293,True,static_image,True,False,False,True,0.780024
vf_e671675ac227,temporal_consistency,"{""n_frames"": 10, ""static_thresh"": 0.015}",0.47966246581077576,0.49051306,0.43757587,0.0049087,True,static_image,True,False,False,True,0.876107
vf_97fa354afcb4,temporal_consistency,"{""n_frames"": 10, ""static_thresh"": 0.015}",0.47966246581077576,0.57887578,0.48325683,0.00519068,True,static_image,True,False,False,True,0.818179
vf_bc1ed0750229,temporal_consistency,"{""n_frames"": 10, ""static_thresh"": 0.015}",0.47966246581077576,0.50937778,0.46343851,0.00367157,True,static_image,True,False,False,True,0.8044
vf_e275ab08155c,temporal_consistency,"{""n_frames"": 10, ""static_thresh"": 0.015}",0.47966246581077576,0.49607688,0.42245551,0.00641781,True,static_image,True,False,False,True,0.878936
vf_68193fc82496,temporal_consistency,"{""n_frames"": 10, ""static_thresh"": 0.015}",0.47966246581077576,0.53568834,0.45247298,0.00598905,True,static_image,True,False,False,True,0.887013
vf_fd2dc09a4922,temporal_consistency,"{""n_frames"": 10, ""static_thresh"": 0.015}",0.47966246581077576,0.50137103,0.45875832,0.00400219,True,static_image,True,False,False,True,0.862469
vf_5ceb016afb70,temporal_consistency,"{""n_frames"": 10, ""static_thresh"": 0.015}",0.47966246581077576,0.48819858,0.40989488,0.00533984,True,static_image,True,False,False,True,0.862914
vf_1fe2e3fe83ec,temporal_consistency,"{""n_frames"": 10, ""static_thresh"": 0.015}",0.47966246581077576,0.65094602,0.5803067,0.00440343,True,static_image,True,False,False,True,0.858768
vf_72324ad0e227,temporal_consistency,"{""n_frames"": 10, ""static_thresh"": 0.015}",0.47966246581077576,0.49328721,0.39585313,0.00545852,True,static_image,True,False,False,True,0.791444
vf_3f32d29a8cee,temporal_consistency,"{""n_frames"": 10, ""static_thresh"": 0.015}",0.47966246581077576,0.50621539,0.46262859,0.00357316,True,static_image,True,False,False,True,0.884997
vf_07ec11b48deb,temporal_consistency,"{""n_frames"": 10, ""static_thresh"": 0.015}",0.47966246581077576,0.48058242,0.39699979,0.00502294,True,static_image,True,False,False,True,0.888876
vf_e612aaf13640,temporal_consistency,"{""n_frames"": 10, ""static_thresh"": 0.015}",0.47966246581077576,0.46986148,0.39324275,0.00420607,True,static_image,False,False,False,False,0.831837
vf_41614476c16e,temporal_consistency,"{""n_frames"": 10, ""static_thresh"": 0.015}",0.47966246581077576,0.47257304,0.40518245,0.00459225,True,static_image,False,False,False,False,0.817294
vf_9d4939f90db1,temporal_consistency,"{""n_frames"": 10, ""static_thresh"": 0.015}",0.47966246581077576,0.76164943,0.68568311,0.00576363,True,static_image,True,False,False,True,0.93296
vf_3bb8e110c38d,temporal_consistency,"{""n_frames"": 10, ""static_thresh"": 0.015}",0.47966246581077576,0.45437643,0.40276893,0.00531989,True,static_image,False,False,False,False,0.884145
vf_67de95f8645a,temporal_consistency,"{""n_frames"": 10, ""static_thresh"": 0.015}",0.47966246581077576,0.54405886,0.46492984,0.00602009,True,static_image,True,False,False,True,0.927579
vf_7678ec274d7c,temporal_consistency,"{""n_frames"": 10, ""static_thresh"": 0.015}",0.47966246581077576,0.58916825,0.52221499,0.00550185,True,static_image,True,False,False,True,0.885436
vf_77929c8ec426,temporal_consistency,"{""n_frames"": 10, ""static_thresh"": 0.015}",0.47966246581077576,0.62700939,0.5778689,0.00461306,True,static_image,True,False,False,True,0.816678
vf_2e9c27c13851,temporal_consistency,"{""n_frames"": 10, ""static_thresh"": 0.015}",0.47966246581077576,0.46530131,0.36290267,0.00527282,True,static_image,False,False,False,False,0.876739
vf_5a94edcabb77,temporal_consistency,"{""n_frames"": 10, ""static_thresh"": 0.015}",0.47966246581077576,0.85273051,0.75035325,0.0071022,True,static_image,True,False,False,True,0.854041
vf_52d06780daa5,temporal_consistency,"{""n_frames"": 10, ""static_thresh"": 0.015}",0.47966246581077576,0.57500362,0.48894297,0.00607889,True,static_image,True,False,False,True,0.89747
vf_a68bec247b5f,temporal_consistency,"{""n_frames"": 10, ""static_thresh"": 0.015}",0.47966246581077576,0.51708746,0.44566562,0.00471755,True,static_image,True,False,False,True,0.859797
vf_b2db9c409315,temporal_consistency,"{""n_frames"": 10, ""static_thresh"": 0.015}",0.47966246581077576,0.61280626,0.5282304,0.00527547,True,static_image,True,False,False,True,0.933347
vf_d4a4986c9b43,temporal_consistency,"{""n_frames"": 10, ""static_thresh"": 0.015}",0.47966246581077576,0.49036503,0.40556689,0.00581365,True,static_image,True,False,False,True,0.933769
vf_48af2e6e91f3,temporal_consistency,"{""n_frames"": 10, ""static_thresh"": 0.015}",0.47966246581077576,0.61002445,0.53812922,0.00569047,True,static_image,True,False,False,True,0.844061
vf_1a4a35393e20,temporal_consistency,"{""n_frames"": 10, ""static_thresh"": 0.015}",0.47966246581077576,0.64751679,0.54154478,0.00653747,True,static_image,True,False,False,True,0.857199
vf_69175dbfa8d3,temporal_consistency,"{""n_frames"": 10, ""static_thresh"": 0.015}",0.47966246581077576,0.63731933,0.54721035,0.00576659,True,static_image,True,False,False,True,1.010087
vf_c81119d6f007,temporal_consistency,"{""n_frames"": 10, ""static_thresh"": 0.015}",0.47966246581077576,0.59527409,0.5092896,0.00474855,True,static_image,True,False,False,True,1.033311
vf_498718c6771b,temporal_consistency,"{""n_frames"": 10, ""static_thresh"": 0.015}",0.47966246581077576,0.53963292,0.48599926,0.00427945,True,static_image,True,False,False,True,0.915075
vf_e107de7de7da,temporal_consistency,"{""n_frames"": 10, ""static_thresh"": 0.015}",0.47966246581077576,0.59028733,0.49779747,0.00533014,True,static_image,True,False,False,True,0.892398
vf_a23252c49cc4,temporal_consistency,"{""n_frames"": 10, ""static_thresh"": 0.015}",0.47966246581077576,0.54455751,0.46589387,0.00518881,True,static_image,True,False,False,True,0.996391
vf_2c466f39d332,temporal_consistency,"{""n_frames"": 10, ""static_thresh"": 0.015}",0.47966246581077576,0.56392252,0.46705566,0.00631741,True,static_image,True,False,False,True,0.898707
vf_f57c19c5dea3,temporal_consistency,"{""n_frames"": 10, ""static_thresh"": 0.015}",0.47966246581077576,0.47401795,0.39386136,0.00437186,True,static_image,False,False,False,False,0.976685
vf_a8e2b921c5b6,temporal_consistency,"{""n_frames"": 10, ""static_thresh"": 0.015}",0.47966246581077576,0.43004632,0.34782884,0.00519601,True,static_image,False,False,False,False,0.905837
vf_13a12934ff67,temporal_consistency,"{""n_frames"": 10, ""static_thresh"": 0.015}",0.47966246581077576,0.45301235,0.39407963,0.00473569,True,static_image,False,False,False,False,0.960816
vf_5820ea90f485,temporal_consistency,"{""n_frames"": 10, ""static_thresh"": 0.015}",0.47966246581077576,0.39753827,0.3251658,0.00440707,True,static_image,False,False,False,False,0.885381
vf_2930b537e255,temporal_consistency,"{""n_frames"": 10, ""static_thresh"": 0.015}",0.47966246581077576,0.5750457,0.49023762,0.00543728,True,static_image,True,False,False,True,0.869885
vf_eb469b686ce7,temporal_consistency,"{""n_frames"": 10, ""static_thresh"": 0.015}",0.47966246581077576,0.46973717,0.390817,0.0046117,True,static_image,False,False,False,False,0.852581
vf_02078c82c5db,temporal_consistency,"{""n_frames"": 10, ""static_thresh"": 0.015}",0.47966246581077576,0.71012312,0.61910802,0.00558484,True,static_image,True,False,False,True,0.89827
vf_81ae781b218a,temporal_consistency,"{""n_frames"": 10, ""static_thresh"": 0.015}",0.47966246581077576,0.44783095,0.36022091,0.00483526,True,static_image,False,False,False,False,0.833855
vf_c3984b058a86,temporal_consistency,"{""n_frames"": 10, ""static_thresh"": 0.015}",0.47966246581077576,0.35777718,0.24984282,0.00575229,True,static_image,False,False,False,False,0.901055
vf_3f651fc8ba9f,temporal_consistency,"{""n_frames"": 10, ""static_thresh"": 0.015}",0.47966246581077576,0.70092881,0.62819068,0.00614615,True,static_image,True,False,False,True,0.803315
vf_5e27ff52cbc6,temporal_consistency,"{""n_frames"": 10, ""static_thresh"": 0.015}",0.47966246581077576,0.66758567,0.60007159,0.00548208,True,static_image,True,False,False,True,0.802838
vf_9ace921f0225,temporal_consistency,"{""n_frames"": 10, ""static_thresh"": 0.015}",0.47966246581077576,0.59128428,0.48604636,0.00497225,True,static_image,True,False,False,True,0.894837
vf_30e8c64b814c,temporal_consistency,"{""n_frames"": 10, ""static_thresh"": 0.015}",0.47966246581077576,0.62246752,0.53005608,0.00501981,True,static_image,True,False,False,True,0.881276
vf_32404cabc23c,temporal_consistency,"{""n_frames"": 10, ""static_thresh"": 0.015}",0.47966246581077576,0.74971253,0.70023715,0.00530514,True,static_image,True,False,False,True,0.853231
vf_53d46e8db10e,temporal_consistency,"{""n_frames"": 10, ""static_thresh"": 0.015}",0.47966246581077576,0.48609057,0.40589058,0.00529645,True,static_image,True,False,False,True,0.877591
vf_d694167e9725,temporal_consistency,"{""n_frames"": 10, ""static_thresh"": 0.015}",0.47966246581077576,0.44271356,0.39667559,0.00481351,True,static_image,False,False,False,False,0.910334
vf_07cf156bd5b2,temporal_consistency,"{""n_frames"": 10, ""static_thresh"": 0.015}",0.47966246581077576,0.76901895,0.69791409,0.00615139,True,static_image,True,False,False,True,0.825326
vf_88daab4b79fc,temporal_consistency,"{""n_frames"": 10, ""static_thresh"": 0.015}",0.47966246581077576,0.42918509,0.38305167,0.0042546,True,static_image,False,False,False,False,0.933152
vf_3c0c901eb282,temporal_consistency,"{""n_frames"": 10, ""static_thresh"": 0.015}",0.47966246581077576,0.69724667,0.64485515,0.00444942,True,static_image,True,False,False,True,0.954069
vf_27aca419b7af,temporal_consistency,"{""n_frames"": 10, ""static_thresh"": 0.015}",0.47966246581077576,0.70048028,0.61230357,0.00642516,True,static_image,True,False,False,True,0.887612
vf_a282ca20f9db,temporal_consistency,"{""n_frames"": 10, ""static_thresh"": 0.015}",0.47966246581077576,0.5338518,0.42849952,0.0064283,True,static_image,True,False,False,True,0.838764
vf_5161d764390e,temporal_consistency,"{""n_frames"": 10, ""static_thresh"": 0.015}",0.47966246581077576,0.40393558,0.31008104,0.00508487,True,static_image,False,False,False,False,0.825593
vf_b7984d7baebe,temporal_consistency,"{""n_frames"": 10, ""static_thresh"": 0.015}",0.47966246581077576,0.65716189,0.58797262,0.00536857,True,static_image,True,False,False,True,0.939031
vf_517bc045f993,temporal_consistency,"{""n_frames"": 10, ""static_thresh"": 0.015}",0.47966246581077576,0.53772897,0.45244275,0.0045737,True,static_image,True,False,False,True,0.949359
vf_7115de04e344,temporal_consistency,"{""n_frames"": 10, ""static_thresh"": 0.015}",0.47966246581077576,0.64312524,0.57059118,0.00521701,True,static_image,True,False,False,True,1.240085
vf_11499d8bd2f2,temporal_consistency,"{""n_frames"": 10, ""static_thresh"": 0.015}",0.47966246581077576,0.42546353,0.36431928,0.00446012,True,static_image,False,False,False,False,1.129441
vf_0c740ed362fa,temporal_consistency,"{""n_frames"": 10, ""static_thresh"": 0.015}",0.47966246581077576,0.66029459,0.58984334,0.00416542,True,static_image,True,False,False,True,1.05105
vf_da425b64a666,temporal_consistency,"{""n_frames"": 10, ""static_thresh"": 0.015}",0.47966246581077576,0.54449701,0.47412486,0.00600073,True,static_image,True,False,False,True,1.141268
vf_7234807594c7,temporal_consistency,"{""n_frames"": 10, ""static_thresh"": 0.015}",0.47966246581077576,0.57966363,0.50905155,0.00514499,True,static_image,True,False,False,True,0.832834
vf_5e55848a9327,temporal_consistency,"{""n_frames"": 10, ""static_thresh"": 0.015}",0.47966246581077576,0.62548357,0.56700331,0.004575,True,static_image,True,False,False,True,0.799954
vf_bc6f07cdfb64,temporal_consistency,"{""n_frames"": 10, ""static_thresh"": 0.015}",0.47966246581077576,0.7214722,0.64479682,0.00508612,True,static_image,True,False,False,True,0.883455
vf_c881dcaacc5c,temporal_consistency,"{""n_frames"": 10, ""static_thresh"": 0.015}",0.47966246581077576,0.80284739,0.74502972,0.00459317,True,static_image,True,False,False,True,1.07901
vf_7067569a1052,temporal_consistency,"{""n_frames"": 10, ""static_thresh"": 0.015}",0.47966246581077576,0.62827718,0.56998858,0.00568294,True,static_image,True,False,False,True,1.346085
vf_6f5a7ccd035b,temporal_consistency,"{""n_frames"": 10, ""static_thresh"": 0.015}",0.47966246581077576,0.45193756,0.3705938,0.00470825,True,static_image,False,False,False,False,1.013494
vf_69347058fea9,temporal_consistency,"{""n_frames"": 10, ""static_thresh"": 0.015}",0.47966246581077576,0.66382629,0.61506774,0.00394951,True,static_image,True,False,False,True,0.989867
vf_7adbcba2f659,temporal_consistency,"{""n_frames"": 10, ""static_thresh"": 0.015}",0.47966246581077576,0.60974216,0.53384318,0.00533675,True,static_image,True,False,False,True,1.039434
vf_813b582996b0,temporal_consistency,"{""n_frames"": 10, ""static_thresh"": 0.015}",0.47966246581077576,0.72140396,0.62364619,0.00528232,True,static_image,True,False,False,True,0.909896
vf_6b0e24ee0c42,temporal_consistency,"{""n_frames"": 10, ""static_thresh"": 0.015}",0.47966246581077576,0.62422049,0.55995845,0.004298,True,static_image,True,False,False,True,1.029669
vf_2b633530dc06,temporal_consistency,"{""n_frames"": 10, ""static_thresh"": 0.015}",0.47966246581077576,0.64781165,0.55592606,0.00652779,True,static_image,True,False,False,True,1.122764
vf_5f9215622b13,temporal_consistency,"{""n_frames"": 10, ""static_thresh"": 0.015}",0.47966246581077576,0.48630953,0.38454688,0.00648748,True,static_image,True,False,False,True,0.885838
vf_b17c86a3ea19,temporal_consistency,"{""n_frames"": 10, ""static_thresh"": 0.015}",0.47966246581077576,0.50978082,0.43167818,0.00522473,True,static_image,True,False,False,True,0.833654
vf_f1d0486172a0,temporal_consistency,"{""n_frames"": 10, ""static_thresh"": 0.015}",0.47966246581077576,0.68940109,0.58867474,0.0065109,True,static_image,True,False,False,True,0.925076
vf_5fefae7baf11,temporal_consistency,"{""n_frames"": 10, ""static_thresh"": 0.015}",0.47966246581077576,0.58810425,0.53653607,0.00434528,True,static_image,True,False,False,True,0.944476
vf_6929e956eb55,temporal_consistency,"{""n_frames"": 10, ""static_thresh"": 0.015}",0.47966246581077576,0.40261775,0.31756623,0.00417966,True,static_image,False,False,False,False,0.855995
vf_d6bbc36eb3a1,temporal_consistency,"{""n_frames"": 10, ""static_thresh"": 0.015}",0.47966246581077576,0.62649572,0.51999702,0.00566131,True,static_image,True,False,False,True,0.804402
vf_e57b102395f1,temporal_consistency,"{""n_frames"": 10, ""static_thresh"": 0.015}",0.47966246581077576,0.542292,0.43600143,0.00545378,True,static_image,True,False,False,True,0.981086
vf_6de98ee3f79f,temporal_consistency,"{""n_frames"": 10, ""static_thresh"": 0.015}",0.47966246581077576,0.48942947,0.41878097,0.00464939,True,static_image,True,False,False,True,0.861494
vf_2322685d98ee,temporal_consistency,"{""n_frames"": 10, ""static_thresh"": 0.015}",0.47966246581077576,0.48146623,0.40284272,0.00632985,True,static_image,True,False,False,True,0.85815
vf_706e2b75254c,temporal_consistency,"{""n_frames"": 10, ""static_thresh"": 0.015}",0.47966246581077576,0.78762037,0.71461951,0.00476493,True,static_image,True,False,False,True,0.927199
vf_27cbdaa2d10a,temporal_consistency,"{""n_frames"": 10, ""static_thresh"": 0.015}",0.47966246581077576,0.4388282,0.36342553,0.00393312,True,static_image,False,False,False,False,0.966745
vf_34c04a49a43f,temporal_consistency,"{""n_frames"": 10, ""static_thresh"": 0.015}",0.47966246581077576,0.62508571,0.51531094,0.00563647,True,static_image,True,False,False,True,0.93573
vf_8fd0ba6d5a59,temporal_consistency,"{""n_frames"": 10, ""static_thresh"": 0.015}",0.47966246581077576,0.58670843,0.53589674,0.00358893,True,static_image,True,False,False,True,1.048658
vf_6a63f157f962,temporal_consistency,"{""n_frames"": 10, ""static_thresh"": 0.015}",0.47966246581077576,0.6222719,0.5075579,0.005848,True,static_image,True,False,False,True,1.051714
vf_fc3d91e52d0c,temporal_consistency,"{""n_frames"": 10, ""static_thresh"": 0.015}",0.47966246581077576,0.60694122,0.51617435,0.00478402,True,static_image,True,False,False,True,0.933814
vf_c5ad29a93239,temporal_consistency,"{""n_frames"": 10, ""static_thresh"": 0.015}",0.47966246581077576,0.4919723,0.39119036,0.0062751,True,static_image,True,False,False,True,0.80437
vf_fb9fc409e7cd,temporal_consistency,"{""n_frames"": 10, ""static_thresh"": 0.015}",0.47966246581077576,0.52741891,0.46958019,0.00433973,True,static_image,True,False,False,True,0.848648
vf_6be53278bc7b,temporal_consistency,"{""n_frames"": 10, ""static_thresh"": 0.015}",0.47966246581077576,0.4424099,0.3329673,0.00575167,True,static_image,False,False,False,False,0.831495
vf_0e5d5858de2b,temporal_consistency,"{""n_frames"": 10, ""static_thresh"": 0.015}",0.47966246581077576,0.51396734,0.45578363,0.00457138,True,static_image,True,False,False,True,0.836194
vf_93abc506fb23,temporal_consistency,"{""n_frames"": 10, ""static_thresh"": 0.015}",0.47966246581077576,0.61170793,0.52648266,0.00484313,True,static_image,True,False,False,True,0.792312
vf_fac2e7818510,temporal_consistency,"{""n_frames"": 10, ""static_thresh"": 0.015}",0.47966246581077576,0.85301054,0.78381044,0.00598074,True,static_image,True,False,False,True,0.916911
vf_13d5d3fae321,temporal_consistency,"{""n_frames"": 10, ""static_thresh"": 0.015}",0.47966246581077576,0.57804531,0.50085753,0.00554957,True,static_image,True,False,False,True,0.850315
vf_34d3aacf6835,temporal_consistency,"{""n_frames"": 10, ""static_thresh"": 0.015}",0.47966246581077576,0.69334275,0.58390903,0.00661832,True,static_image,True,False,False,True,0.919488
vf_7dba6446a3fd,temporal_consistency,"{""n_frames"": 10, ""static_thresh"": 0.015}",0.47966246581077576,0.48977059,0.39875697,0.00552823,True,static_image,True,False,False,True,0.823474
vf_87b25b3220a2,temporal_consistency,"{""n_frames"": 10, ""static_thresh"": 0.015}",0.47966246581077576,0.53028208,0.43851963,0.00552558,True,static_image,True,False,False,True,0.893572
vf_be41f89ac067,temporal_consistency,"{""n_frames"": 10, ""static_thresh"": 0.015}",0.47966246581077576,0.61463392,0.5361961,0.00578812,True,static_image,True,False,False,True,0.825806
vf_2b57f4beca06,temporal_consistency,"{""n_frames"": 10, ""static_thresh"": 0.015}",0.47966246581077576,0.64625371,0.58928601,0.0046728,True,static_image,True,False,False,True,0.774067
vf_a60b00595fd9,temporal_consistency,"{""n_frames"": 10, ""static_thresh"": 0.015}",0.47966246581077576,0.50037992,0.37005091,0.0058409,True,static_image,True,False,False,True,0.846703
vf_0591f2a2c339,temporal_consistency,"{""n_frames"": 10, ""static_thresh"": 0.015}",0.47966246581077576,0.88146496,0.77130408,0.00738099,True,static_image,True,False,False,True,0.876894
vf_d6917f1f0a42,temporal_consistency,"{""n_frames"": 10, ""static_thresh"": 0.015}",0.47966246581077576,0.59695071,0.49449436,0.00641501,True,static_image,True,False,False,True,0.852607
vf_959f46c9c7af,temporal_consistency,"{""n_frames"": 10, ""static_thresh"": 0.015}",0.47966246581077576,0.54770464,0.45655425,0.00497322,True,static_image,True,False,False,True,0.93633
vf_26e61d74d27f,temporal_consistency,"{""n_frames"": 10, ""static_thresh"": 0.015}",0.47966246581077576,0.6393522,0.54154508,0.00551292,True,static_image,True,False,False,True,1.142774
vf_42a4f8a1f5fe,temporal_consistency,"{""n_frames"": 10, ""static_thresh"": 0.015}",0.47966246581077576,0.51401764,0.42349735,0.00592889,True,static_image,True,False,False,True,0.833391
vf_c241d9ece98e,temporal_consistency,"{""n_frames"": 10, ""static_thresh"": 0.015}",0.47966246581077576,0.64413863,0.55281894,0.00586776,True,static_image,True,False,False,True,0.865046
vf_58246b8715b4,temporal_consistency,"{""n_frames"": 10, ""static_thresh"": 0.015}",0.47966246581077576,0.67302829,0.54763215,0.00694529,True,static_image,True,False,False,True,0.857244
vf_47f2fcecb685,temporal_consistency,"{""n_frames"": 10, ""static_thresh"": 0.015}",0.47966246581077576,0.65375811,0.55040526,0.00631955,True,static_image,True,False,False,True,0.917091
vf_5763c567fa7f,temporal_consistency,"{""n_frames"": 10, ""static_thresh"": 0.015}",0.47966246581077576,0.62133402,0.51540585,0.00525183,True,static_image,True,False,False,True,1.155174
vf_53041ab01867,temporal_consistency,"{""n_frames"": 10, ""static_thresh"": 0.015}",0.47966246581077576,0.56838417,0.49886431,0.00459282,True,static_image,True,False,False,True,0.897524
vf_79a6a001672e,temporal_consistency,"{""n_frames"": 10, ""static_thresh"": 0.015}",0.47966246581077576,0.61619002,0.50095249,0.00570066,True,static_image,True,False,False,True,0.857343
vf_5ac12474b323,temporal_consistency,"{""n_frames"": 10, ""static_thresh"": 0.015}",0.47966246581077576,0.56827426,0.46785669,0.00597357,True,static_image,True,False,False,True,0.846526
vf_6ebbe2b8ba39,temporal_consistency,"{""n_frames"": 10, ""static_thresh"": 0.015}",0.47966246581077576,0.58929801,0.4842634,0.00668668,True,static_image,True,False,False,True,1.010855
vf_41d07a4257d6,temporal_consistency,"{""n_frames"": 10, ""static_thresh"": 0.015}",0.47966246581077576,0.52429014,0.42231524,0.00491944,True,static_image,True,False,False,True,1.182862
vf_d8af3b18e907,temporal_consistency,"{""n_frames"": 10, ""static_thresh"": 0.015}",0.47966246581077576,0.46197733,0.36572769,0.00569435,True,static_image,False,False,False,False,1.153479
vf_d4a4df257b90,temporal_consistency,"{""n_frames"": 10, ""static_thresh"": 0.015}",0.47966246581077576,0.47845125,0.40522772,0.00506683,True,static_image,False,False,False,False,1.148663
vf_922f98628366,temporal_consistency,"{""n_frames"": 10, ""static_thresh"": 0.015}",0.47966246581077576,0.42300171,0.33776942,0.00475882,True,static_image,False,False,False,False,0.817393
vf_45c024f9f2db,temporal_consistency,"{""n_frames"": 10, ""static_thresh"": 0.015}",0.47966246581077576,0.59601438,0.49498886,0.00555756,True,static_image,True,False,False,True,0.798218
vf_b67eae4dddb8,temporal_consistency,"{""n_frames"": 10, ""static_thresh"": 0.015}",0.47966246581077576,0.50815326,0.40561135,0.00504192,True,static_image,True,False,False,True,0.879948
vf_f4ee66182b4f,temporal_consistency,"{""n_frames"": 10, ""static_thresh"": 0.015}",0.47966246581077576,0.73281974,0.63174624,0.00576872,True,static_image,True,False,False,True,0.855901
vf_54c2d66704ac,temporal_consistency,"{""n_frames"": 10, ""static_thresh"": 0.015}",0.47966246581077576,0.4710516,0.36697268,0.00518506,True,static_image,False,False,False,False,0.896031
vf_4e7e4e82c77e,temporal_consistency,"{""n_frames"": 10, ""static_thresh"": 0.015}",0.47966246581077576,0.38553023,0.23568575,0.00662679,True,static_image,False,False,False,False,0.966568
vf_d10f9693dc4f,temporal_consistency,"{""n_frames"": 10, ""static_thresh"": 0.015}",0.47966246581077576,0.73116088,0.63973264,0.0066263,True,static_image,True,False,False,True,0.998835
vf_55533266ecd5,temporal_consistency,"{""n_frames"": 10, ""static_thresh"": 0.015}",0.47966246581077576,0.69456941,0.6121223,0.00608564,True,static_image,True,False,False,True,1.064523
vf_5cd9fd7e47e8,temporal_consistency,"{""n_frames"": 10, ""static_thresh"": 0.015}",0.47966246581077576,0.59839737,0.48185374,0.00525356,True,static_image,True,False,False,True,1.143707
vf_ec206adff666,temporal_consistency,"{""n_frames"": 10, ""static_thresh"": 0.015}",0.47966246581077576,0.67741048,0.55547574,0.00572944,True,static_image,True,False,False,True,0.918637
vf_bbeaebe04885,temporal_consistency,"{""n_frames"": 10, ""static_thresh"": 0.015}",0.47966246581077576,0.76400495,0.70978675,0.00544508,True,static_image,True,False,False,True,0.805529
vf_7652d6a8e675,temporal_consistency,"{""n_frames"": 10, ""static_thresh"": 0.015}",0.47966246581077576,0.51003885,0.4157546,0.00557933,True,static_image,True,False,False,True,0.851532
vf_f6bada306d92,temporal_consistency,"{""n_frames"": 10, ""static_thresh"": 0.015}",0.47966246581077576,0.49414748,0.43183306,0.00514622,True,static_image,True,False,False,True,0.879475
vf_53873bf16646,temporal_consistency,"{""n_frames"": 10, ""static_thresh"": 0.015}",0.47966246581077576,0.78419292,0.70232515,0.00637859,True,static_image,True,False,False,True,0.805465
vf_5a83e8acf964,temporal_consistency,"{""n_frames"": 10, ""static_thresh"": 0.015}",0.47966246581077576,0.44419223,0.38301877,0.00454558,True,static_image,False,False,False,False,0.901114
vf_05ba8a308d75,temporal_consistency,"{""n_frames"": 10, ""static_thresh"": 0.015}",0.47966246581077576,0.73503917,0.66550974,0.00482924,True,static_image,True,False,False,True,0.909225
vf_b4ebef03d306,temporal_consistency,"{""n_frames"": 10, ""static_thresh"": 0.015}",0.47966246581077576,0.73903334,0.6288968,0.00693451,True,static_image,True,False,False,True,1.128582
vf_e220046b18ce,temporal_consistency,"{""n_frames"": 10, ""static_thresh"": 0.015}",0.47966246581077576,0.56719261,0.45088341,0.00670987,True,static_image,True,False,False,True,0.969697
vf_6e30a0127ed0,temporal_consistency,"{""n_frames"": 10, ""static_thresh"": 0.015}",0.47966246581077576,0.42853504,0.32160111,0.00534918,True,static_image,False,False,False,False,1.131055
vf_a979d26e1a66,temporal_consistency,"{""n_frames"": 10, ""static_thresh"": 0.015}",0.47966246581077576,0.37494484,0.29263785,0.00616726,True,static_image,False,False,False,False,0.840209
vf_2bdece140a8f,temporal_consistency,"{""n_frames"": 10, ""static_thresh"": 0.015}",0.47966246581077576,0.66562909,0.59054529,0.00547535,True,static_image,True,False,False,True,0.888135
vf_3ea6819ccdfe,temporal_consistency,"{""n_frames"": 10, ""static_thresh"": 0.015}",0.47966246581077576,0.56291711,0.46048892,0.00492581,True,static_image,True,False,False,True,0.86775
vf_ec311dd6967c,temporal_consistency,"{""n_frames"": 10, ""static_thresh"": 0.015}",0.47966246581077576,0.6745736,0.58271601,0.00574021,True,static_image,True,False,False,True,0.802282
vf_e7897ae417d0,temporal_consistency,"{""n_frames"": 10, ""static_thresh"": 0.015}",0.47966246581077576,0.45378464,0.37325723,0.00477948,True,static_image,False,False,False,False,0.918156
vf_44fcd2d6e120,temporal_consistency,"{""n_frames"": 10, ""static_thresh"": 0.015}",0.47966246581077576,0.69437557,0.60553221,0.00440796,True,static_image,True,False,False,True,1.31449
vf_369a060108c8,temporal_consistency,"{""n_frames"": 10, ""static_thresh"": 0.015}",0.47966246581077576,0.57746184,0.48740855,0.00648132,True,static_image,True,False,False,True,0.927322
vf_e4724842b3b3,temporal_consistency,"{""n_frames"": 10, ""static_thresh"": 0.015}",0.47966246581077576,0.60832047,0.53074358,0.00537609,True,static_image,True,False,False,True,0.857739
vf_018e3df2e135,temporal_consistency,"{""n_frames"": 10, ""static_thresh"": 0.015}",0.47966246581077576,0.65958399,0.57671187,0.00505127,True,static_image,True,False,False,True,0.808221
vf_7b46e66fb249,temporal_consistency,"{""n_frames"": 10, ""static_thresh"": 0.015}",0.47966246581077576,0.73266679,0.6398828,0.00536969,True,static_image,True,False,False,True,1.032692
vf_a034b22c4586,temporal_consistency,"{""n_frames"": 10, ""static_thresh"": 0.015}",0.47966246581077576,0.82533801,0.75886609,0.00522396,True,static_image,True,False,False,True,0.944995
vf_10244b48ba4d,temporal_consistency,"{""n_frames"": 10, ""static_thresh"": 0.015}",0.47966246581077576,0.36965066,0.24177935,0.00711813,True,static_image,False,False,False,False,0.930689
vf_d12e13d84c24,temporal_consistency,"{""n_frames"": 10, ""static_thresh"": 0.015}",0.47966246581077576,0.65506887,0.58815952,0.00577331,True,static_image,True,False,False,True,0.923458
vf_189241d1fe52,temporal_consistency,"{""n_frames"": 10, ""static_thresh"": 0.015}",0.47966246581077576,0.37350142,0.29814926,0.0041478,True,static_image,False,False,False,False,0.8725
vf_5eefde1bcecb,temporal_consistency,"{""n_frames"": 10, ""static_thresh"": 0.015}",0.47966246581077576,0.39909858,0.28341445,0.00535384,True,static_image,False,False,False,False,0.884877
vf_c563ee357bd2,temporal_consistency,"{""n_frames"": 10, ""static_thresh"": 0.015}",0.47966246581077576,0.51734263,0.40626939,0.0054592,True,static_image,True,False,False,True,0.872734
vf_695ced84ba67,temporal_consistency,"{""n_frames"": 10, ""static_thresh"": 0.015}",0.47966246581077576,0.68722934,0.63006308,0.00423576,True,static_image,True,False,False,True,0.838795
vf_fe96e4dc637f,temporal_consistency,"{""n_frames"": 10, ""static_thresh"": 0.015}",0.47966246581077576,0.64093357,0.55589915,0.0058633,True,static_image,True,False,False,True,0.864717
vf_a067ba70aba2,temporal_consistency,"{""n_frames"": 10, ""static_thresh"": 0.015}",0.47966246581077576,0.3681502,0.27647489,0.00554261,True,static_image,False,False,False,False,0.804488
vf_c99f6339f4b2,temporal_consistency,"{""n_frames"": 10, ""static_thresh"": 0.015}",0.47966246581077576,0.75582576,0.63243557,0.00589633,True,static_image,True,False,False,True,0.803766
vf_8adc8a6b5049,temporal_consistency,"{""n_frames"": 10, ""static_thresh"": 0.015}",0.47966246581077576,0.64851952,0.57129088,0.00445998,True,static_image,True,False,False,True,0.966359
vf_f00d3e666fd4,temporal_consistency,"{""n_frames"": 10, ""static_thresh"": 0.015}",0.47966246581077576,0.35518622,0.29904296,0.00340491,True,static_image,False,False,False,False,0.946559
vf_1c39a9c85e88,temporal_consistency,"{""n_frames"": 10, ""static_thresh"": 0.015}",0.47966246581077576,0.68728435,0.56924558,0.00693479,True,static_image,True,False,False,True,0.828316
vf_f81d7e10cf7e,temporal_consistency,"{""n_frames"": 10, ""static_thresh"": 0.015}",0.47966246581077576,0.54272401,0.41183827,0.00625148,True,static_image,True,False,False,True,0.872736
vf_ed0789be4f11,temporal_consistency,"{""n_frames"": 10, ""static_thresh"": 0.015}",0.47966246581077576,0.54841822,0.45114544,0.00539036,True,static_image,True,False,False,True,0.925981
vf_ab989c444985,temporal_consistency,"{""n_frames"": 10, ""static_thresh"": 0.015}",0.47966246581077576,0.70715392,0.58550568,0.00684572,True,static_image,True,False,False,True,0.80405
vf_d78ccb964c5d,temporal_consistency,"{""n_frames"": 10, ""static_thresh"": 0.015}",0.47966246581077576,0.60361546,0.5378899,0.0046696,True,static_image,True,False,False,True,0.886094
vf_005a59c31dd2,temporal_consistency,"{""n_frames"": 10, ""static_thresh"": 0.015}",0.47966246581077576,0.43157098,0.32655199,0.00459667,True,static_image,False,False,False,False,0.911459
vf_0a3f1a68dcb2,temporal_consistency,"{""n_frames"": 10, ""static_thresh"": 0.015}",0.47966246581077576,0.64810842,0.53163791,0.00592999,True,static_image,True,False,False,True,0.905575
vf_d5c09a946d99,temporal_consistency,"{""n_frames"": 10, ""static_thresh"": 0.015}",0.47966246581077576,0.5710457,0.44609347,0.00592757,True,static_image,True,False,False,True,0.930066
vf_df4a6b5a2944,temporal_consistency,"{""n_frames"": 10, ""static_thresh"": 0.015}",0.47966246581077576,0.51019263,0.43194336,0.00490468,True,static_image,True,False,False,True,0.907963
vf_55221d8a3d2e,temporal_consistency,"{""n_frames"": 10, ""static_thresh"": 0.015}",0.47966246581077576,0.50362885,0.41062434,0.00652182,True,static_image,True,False,False,True,1.243718
vf_28b6df51a2aa,temporal_consistency,"{""n_frames"": 10, ""static_thresh"": 0.015}",0.47966246581077576,0.79111671,0.69867765,0.00513789,True,static_image,True,False,False,True,0.900144
vf_ae41a277e9a0,temporal_consistency,"{""n_frames"": 10, ""static_thresh"": 0.015}",0.47966246581077576,0.49264327,0.39989892,0.00437118,True,static_image,True,False,False,True,0.916689
vf_dbdb717f5df6,temporal_consistency,"{""n_frames"": 10, ""static_thresh"": 0.015}",0.47966246581077576,0.65513808,0.52179993,0.00637126,True,static_image,True,False,False,True,0.983334
vf_d5f84f559f80,temporal_consistency,"{""n_frames"": 10, ""static_thresh"": 0.015}",0.47966246581077576,0.60476285,0.54337355,0.0036931,True,static_image,True,False,False,True,1.083684
vf_a732bd6e8c7c,temporal_consistency,"{""n_frames"": 10, ""static_thresh"": 0.015}",0.47966246581077576,0.64980322,0.51969166,0.00589514,True,static_image,True,False,False,True,0.95622
vf_543c2289bc82,temporal_consistency,"{""n_frames"": 10, ""static_thresh"": 0.015}",0.47966246581077576,0.63414782,0.52714152,0.00498971,True,static_image,True,False,False,True,0.895607
vf_1da9500923a0,temporal_consistency,"{""n_frames"": 10, ""static_thresh"": 0.015}",0.47966246581077576,0.53175527,0.41204615,0.00671355,True,static_image,True,False,False,True,0.91004
vf_e22515667bcb,temporal_consistency,"{""n_frames"": 10, ""static_thresh"": 0.015}",0.47966246581077576,0.54738182,0.47678155,0.00464125,True,static_image,True,False,False,True,0.972072
vf_4a34c041687a,temporal_consistency,"{""n_frames"": 10, ""static_thresh"": 0.015}",0.47966246581077576,0.48719561,0.34695211,0.00628775,True,static_image,True,False,False,True,1.155851
vf_b6ab7e6f8ead,temporal_consistency,"{""n_frames"": 10, ""static_thresh"": 0.015}",0.47966246581077576,0.53262955,0.46766009,0.00482848,True,static_image,True,False,False,True,0.836678
vf_a96c278b9663,temporal_consistency,"{""n_frames"": 10, ""static_thresh"": 0.015}",0.47966246581077576,0.62790024,0.52854024,0.0051999,True,static_image,True,False,False,True,1.019397
vf_a8d0dc97dd40,temporal_consistency,"{""n_frames"": 10, ""static_thresh"": 0.015}",0.47966246581077576,0.8707397,0.7865145,0.00651789,True,static_image,True,False,False,True,1.121434
vf_d5f53c32936c,temporal_consistency,"{""n_frames"": 10, ""static_thresh"": 0.015}",0.47966246581077576,0.59837377,0.50412024,0.00572194,True,static_image,True,False,False,True,1.025258
vf_23dba30d5fa4,temporal_consistency,"{""n_frames"": 10, ""static_thresh"": 0.015}",0.47966246581077576,0.72498983,0.60834239,0.00664881,True,static_image,True,False,False,True,0.818018
vf_f8cbca7fab7c,temporal_consistency,"{""n_frames"": 10, ""static_thresh"": 0.015}",0.47966246581077576,0.55340886,0.43965362,0.00593106,True,static_image,True,False,False,True,0.932379
vf_aa28d8c1c38b,temporal_consistency,"{""n_frames"": 10, ""static_thresh"": 0.015}",0.47966246581077576,0.5675382,0.44314921,0.00637764,True,static_image,True,False,False,True,0.794556
vf_04d0d58268c4,temporal_consistency,"{""n_frames"": 10, ""static_thresh"": 0.015}",0.47966246581077576,0.43169305,0.27259326,0.00645843,True,static_image,False,False,False,False,0.848974
